ID,ジャンル,分野,リンク先,URL,翻訳
111,公式機関・1次資料,1. 日本政府（防衛・外交）,内閣官房・国家安全保障戦略,https://www.cas.go.jp/jp/siryou/221216anzenhoshou.html,0
112,公式機関・1次資料,1. 日本政府（防衛・外交）,防衛省・自衛隊HP,https://www.mod.go.jp/,0
113,公式機関・1次資料,1. 日本政府（防衛・外交）,防衛省・防衛政策,https://www.mod.go.jp/j/policy/index.html,0
114,公式機関・1次資料,1. 日本政府（防衛・外交）,防衛省・令和7年度予算の概容,https://www.mod.go.jp/j/budget/yosan_gaiyo/fy2025/yosan_20250402_summary.pdf,0
115,公式機関・1次資料,1. 日本政府（防衛・外交）,外務省・外交政策,https://www.mofa.go.jp/mofaj/gaiko/index.html,0
116,公式機関・1次資料,1. 日本政府（防衛・外交）,防衛装備庁,https://www.mod.go.jp/atla/,0
121,公式機関・1次資料,2. 自衛隊（統合・陸海空）,統合幕僚監部,https://www.mod.go.jp/js/,0
122,公式機関・1次資料,2. 自衛隊（統合・陸海空）,統合作戦司令部,https://www.mod.go.jp/jjoc/,0
123,公式機関・1次資料,2. 自衛隊（統合・陸海空）,陸上自衛隊,https://www.mod.go.jp/gsdf/,0
124,公式機関・1次資料,2. 自衛隊（統合・陸海空）,海上自衛隊,https://www.mod.go.jp/msdf/,0
125,公式機関・1次資料,2. 自衛隊（統合・陸海空）,航空自衛隊,https://www.mod.go.jp/asdf/,0
131,公式機関・1次資料,3. 国際機関（国連など）,国際連合,https://www.un.org/en/,1
132,公式機関・1次資料,3. 国際機関（国連など）,国連安全保障理事会,https://main.un.org/securitycouncil/en,1
133,公式機関・1次資料,3. 国際機関（国連など）,国連広報センター,https://www.unic.or.jp/activities/peace_security/,1
134,公式機関・1次資料,3. 国際機関（国連など）,外務省・国連外交,https://www.mofa.go.jp/mofaj/gaiko/unsc/index.html,0
135,公式機関・1次資料,3. 国際機関（国連など）,国際原子力機関（IAEA),https://www.iaea.org/,1
136,公式機関・1次資料,3. 国際機関（国連など）,欧州安全保障協力機構（OSCE),https://www.osce.org/,1
137,公式機関・1次資料,3. 国際機関（国連など）,アフリカ連合・安保理,https://au.int/en/psc,1
141,公式機関・1次資料,4. 軍事同盟（NATOなど）,北大西洋条約機構（NATO),https://www.nato.int/en,1
142,公式機関・1次資料,4. 軍事同盟（NATOなど）,CSTO・ロシア中心の軍事同盟,https://en.odkb-csto.org/,1
143,公式機関・1次資料,4. 軍事同盟（NATOなど）,上海協力機構（SCO),https://eng.sectsco.org/,1
144,公式機関・1次資料,4. 軍事同盟（NATOなど）,イスラム軍事連合（IMCTC）,https://www.imctc.org/en/Pages/default.aspx,1
145,公式機関・1次資料,4. 軍事同盟（NATOなど）,AUKAS・米英豪パートナーSP,https://www.war.gov/Spotlights/AUKUS/,1
146,公式機関・1次資料,4. 軍事同盟（NATOなど）,FPDA・五カ国防衛取極め,https://www.fivepowerdefencearrangements.org/,1
151,公式機関・1次資料,5. 国際法・人道法,国連・国際法ポータル,https://www.un.org/en/global-issues/international-law-and-justice,1
152,公式機関・1次資料,5. 国際法・人道法,国際司法裁判所（ICJ）,https://www.icj-cij.org/home,0
153,公式機関・1次資料,5. 国際法・人道法,国際刑事裁判所（ICC),https://www.icc-cpi.int/,0
154,公式機関・1次資料,5. 国際法・人道法,外務省・国際法,https://www.mofa.go.jp/mofaj/gaiko/shihai/index.html,0
155,公式機関・1次資料,5. 国際法・人道法,日本が批准している条約,https://www3.mofa.go.jp/mofaj/gaiko/treaty/index.php,0
156,公式機関・1次資料,5. 国際法・人道法,赤十字国際委員会（ICRC）,https://www.icrc.org/en/law-and-policy,1
161,公式機関・1次資料,6. 白書・公式報告書,防衛白書・令和７年版,https://www.mod.go.jp/j/press/wp/index.html,0
162,公式機関・1次資料,6. 白書・公式報告書,外交青書2025,https://www.mofa.go.jp/mofaj/gaiko/bluebook/2025/html/index.html,0
163,公式機関・1次資料,6. 白書・公式報告書,米 国家安全保障戦略 NSS '25,https://www.whitehouse.gov/wp-content/uploads/2025/12/2025-National-Security-Strategy.pdf,2
164,公式機関・1次資料,6. 白書・公式報告書,米 国家防衛戦略 NDS '26,https://media.defense.gov/2026/Jan/23/2003864773/-1/-1/0/2026-NATIONAL-DEFENSE-STRATEGY.PDF,2
165,公式機関・1次資料,6. 白書・公式報告書,英 国家安全保障戦略 NSS '25,https://www.gov.uk/government/publications/national-security-strategy-2025-security-for-the-british-people-in-a-dangerous-world/national-security-strategy-2025-security-for-the-british-people-in-a-dangerous-world-html,1
166,公式機関・1次資料,6. 白書・公式報告書,ストックホルム平和研 25要約,https://www.sipri.org/sites/default/files/2025-06/yb25_summary_en.pdf,2
762,日本の防衛・自衛隊,1. 組織と役割,防衛省・自衛隊 公式サイト,https://www.mod.go.jp/,0
763,日本の防衛・自衛隊,1. 組織と役割,防衛省の組織（内部部局・幕僚監部）,https://www.mod.go.jp/j/profile/mod_sdf/index.html,0
764,日本の防衛・自衛隊,1. 組織と役割,統合幕僚監部,https://www.mod.go.jp/js/,0
765,日本の防衛・自衛隊,1. 組織と役割,陸上自衛隊 公式サイト,https://www.mod.go.jp/gsdf/,0
766,日本の防衛・自衛隊,1. 組織と役割,海上自衛隊 公式サイト,https://www.mod.go.jp/msdf/,0
767,日本の防衛・自衛隊,1. 組織と役割,航空自衛隊 公式サイト,https://www.mod.go.jp/asdf/,0
768,日本の防衛・自衛隊,2. 駐屯地・基地,陸上自衛隊 駐屯地・組織（全国一覧）,https://www.mod.go.jp/gsdf/station/,0
769,日本の防衛・自衛隊,2. 駐屯地・基地,海上自衛隊 組織・所在地,https://www.mod.go.jp/msdf/about/org/,0
770,日本の防衛・自衛隊,2. 駐屯地・基地,航空自衛隊 基地エリア一覧,https://www.mod.go.jp/asdf/base/,0
771,日本の防衛・自衛隊,2. 駐屯地・基地,防衛省 広報施設のご案内,https://www.mod.go.jp/j/press/exhibition/index.html,0
772,日本の防衛・自衛隊,2. 駐屯地・基地,陸自調査団 見学できる広報館・資料館,https://rikuzi-chousadan.com/sdfmuseum.html,0
773,日本の防衛・自衛隊,3. 装備,防衛省 主要装備,https://www.mod.go.jp/j/profile/equipment/index.html,0
774,日本の防衛・自衛隊,3. 装備,陸上自衛隊 装備,https://www.mod.go.jp/gsdf/equipment/,0
775,日本の防衛・自衛隊,3. 装備,海上自衛隊 装備品,https://www.mod.go.jp/msdf/equipment/,0
776,日本の防衛・自衛隊,3. 装備,航空自衛隊 装備,https://www.mod.go.jp/asdf/equipment/,0
777,日本の防衛・自衛隊,3. 装備,防衛装備庁,https://www.mod.go.jp/atla/,0
778,日本の防衛・自衛隊,3. 装備,防衛白書 主要装備品の紹介,https://www.clearing.mod.go.jp/hakusho_data/2023/html/nse00500.html,0
779,日本の防衛・自衛隊,4. 教育・研究機関,防衛研究所（NIDS）,https://www.nids.mod.go.jp/,0
780,日本の防衛・自衛隊,4. 教育・研究機関,防衛研究所 刊行物・研究成果,https://www.nids.mod.go.jp/publication/index.html,0
781,日本の防衛・自衛隊,4. 教育・研究機関,防衛大学校,https://www.mod.go.jp/nda/,0
782,日本の防衛・自衛隊,4. 教育・研究機関,防衛医科大学校,https://www.ndmc.ac.jp/,0
783,日本の防衛・自衛隊,5. 災害派遣・国内活動,防衛省 災害派遣,https://www.mod.go.jp/j/approach/defense/saigai/index.html,0
784,日本の防衛・自衛隊,5. 災害派遣・国内活動,防衛省 国際平和協力活動,https://www.mod.go.jp/j/approach/kokusai_heiwa/index.html,0
785,日本の防衛・自衛隊,5. 災害派遣・国内活動,内閣府 防災情報のページ,https://www.bousai.go.jp/,0
786,日本の防衛・自衛隊,5. 災害派遣・国内活動,防衛省・自衛隊 イベント・交流活動,https://www.mod.go.jp/j/press/events/,0
787,日本の防衛・自衛隊,6. 採用・制度,自衛官募集サイト,https://www.mod.go.jp/gsdf/jieikanbosyu/,0
788,日本の防衛・自衛隊,6. 採用・制度,募集種目一覧,https://www.mod.go.jp/gsdf/jieikanbosyu/about/recruit/,0
789,日本の防衛・自衛隊,6. 採用・制度,予備自衛官等制度,https://www.mod.go.jp/j/profile/reserve/index.html,0
790,日本の防衛・自衛隊,6. 採用・制度,予備自衛官 募集要項,https://www.mod.go.jp/gsdf/reserve/apply/index.html,0
311,世界の軍事,1. 主要国（米・中・露など）,準備中,,0
321,世界の軍事,2. 日本周辺国,準備中,,0
331,世界の軍事,3. 同盟と国際関係,準備中,,0
341,世界の軍事,4. 軍事力比較,準備中,,0
351,世界の軍事,5. 地域別情勢,準備中,,0
361,世界の軍事,6. 国際研究機関,準備中,,0
411,戦略・戦争,1. 戦争の基礎,準備中,,0
421,戦略・戦争,2. 戦略とは何か,準備中,,0
431,戦略・戦争,3. 作戦と戦術,準備中,,0
441,戦略・戦争,4. 兵站・補給,準備中,,0
451,戦略・戦争,5. 現代戦,準備中,,0
461,戦略・戦争,6. 非正規戦・ハイブリッド戦,準備中,,0
471,戦略・戦争,7. 新領域（サイバー・宇宙）,準備中,,0
511,地図・地形・データ,1. 世界地図,準備中,,0
521,地図・地形・データ,2. 日本地図,準備中,,0
531,地図・地形・データ,3. 地形・地理,準備中,,0
541,地図・地形・データ,4. 距離・位置,準備中,,0
551,地図・地形・データ,5. 統計・データ,準備中,,0
611,ニュース・情勢,1. 日本の安全保障,準備中,,0
621,ニュース・情勢,2. 世界の情勢,準備中,,0
631,ニュース・情勢,3. 軍事専門ニュース,準備中,,0
641,ニュース・情勢,4. 地域別ニュース,準備中,,0
651,ニュース・情勢,5. 注目テーマ,準備中,,0
711,歴史・教養,1. 日本の戦史,準備中,,0
721,歴史・教養,2. 世界の戦史,準備中,,0
731,歴史・教養,3. 近現代戦争,準備中,,0
741,歴史・教養,4. 博物館・資料館,準備中,,0
751,歴史・教養,5. 文献・論文,準備中,,0
761,歴史・教養,6. 法律・制度,準備中,,0
