ID,日付,種別,タイトル,本文,公開
NEWS001,2026-07-27,お知らせ,β版を公開しました,"MSアカデミー TAKERU のβ版を公開しました。3級「軍事と戦略」を無料でお試しいただけます。
お気づきの点は、メニューのご意見フォームからお寄せください。",1
NEWS002,2026-07-27,お知らせ,ホーム画面に追加すると便利です,このアプリはホーム画面にアイコンとして追加できます。追加方法は、トップまたは「アカデミーのご案内」の「アイコンにして使う方法（必読）」からご確認ください。,1
NEWS003,2026-07-27,お知らせ,ご意見・ご感想を募集しています,"アプリへのご要望や、わかりにくかったカードなど、なんでも歓迎です。
下のフォームからお気軽にお寄せください（匿名でも送れます）。

→ [ご意見フォームを開く](https://docs.google.com/forms/d/e/1FAIpQLSfz3y0RuZWcjc4wCxixVfIHoKgrbxcjIYmocfuwZ3DkVnT1ZA/viewform)",1
NEWS004,2026-08-15,お知らせ,「自由研究」を公開しました,"新しいメニュー「🔬 自由研究」を公開しました。
研究者それぞれの視点で語る講座を、著者からもテーマからも探せます。

第1弾は 牧村健志「戦略視点で見た大東亜・太平洋戦争」全10話。音声つきでお聴きいただけます。

テーマの見出しを押すと、そのまま第1話が始まります。",1
NEWS005,2026-08-19,ニュース,今週の国際軍事ニュース（8/11〜8/18）,"### 2026-08-18 韓国大統領、軍指揮権返還を要求
李在明大統領は、トランプ米大統領が今週の米韓合同軍事演習の大幅縮小を国防総省に指示したことを受け、有事の際の軍指揮権(戦時作戦統制権)を米国から取り戻す動きを改めて求め、原子力潜水艦の取得加速も訴えた。トランプ氏は日曜夜、北朝鮮について「脅威はなく敬意を払っている」とし、金正恩氏との良好な関係を理由に演習縮小を指示していた。
[記事本文](https://translate.google.com/translate?sl=en&tl=ja&u=https%3A%2F%2Fwww.theguardian.com%2Fworld%2F2026%2Faug%2F18%2Fsouth-korea-president-trump-military-drills-control-opcon-kim-jong-un)

### 2026-08-18 モスクワ警告、英は支援継続表明
バーナム英首相は、英国製ドローンを使ったウクライナの「ディープストライク」作戦にロシアが反発し「相応の報い」を示唆したことについて、英国は引き続きウクライナを「100%支援する」と述べた。駐英ロシア大使館は月曜、英国が意図的にウクライナ紛争を激化させていると非難し、関与を深めるほど「代償は大きくなる」と警告した。
[記事本文](https://translate.google.com/translate?sl=en&tl=ja&u=https%3A%2F%2Fwww.theguardian.com%2Fworld%2F2026%2Faug%2F18%2Fmoscow-warns-uk-over-reports-ukraine-using-british-drones-to-attack-russia)

### 2026-08-18 ウクライナ軍ドローン心理戦動画
ウクライナの無人機部隊が、ロシア兵をドローンで追跡し最期の瞬間を撮影した動画をSNSに投稿し続けている。制作者たちは非人道的との批判に対し道徳的なためらいはないとし、「死が待っている」ことを示す狙いがあると説明する。この種の動画は過去1年半でSNS上の一つのジャンルとなっており、考案したのはウクライナ無人システム部隊トップで、自身のコールサインにちなむ「マジャールの鳥」の創設者ロバート・ブロブディ氏。
[記事本文](https://translate.google.com/translate?sl=en&tl=ja&u=https%3A%2F%2Fwww.theguardian.com%2Fworld%2F2026%2Faug%2F18%2Fukraine-drone-chase-videos-russian-soldiers)

### 2026-08-17 トランプ氏オマーン爆撃を警告
トランプ米大統領はFOXニュースで、イラン核合意を巡り「妨げになる」場合はオマーンを爆撃すると威嚇した。女婿のクシュナー氏はエルサレムでネタニヤフ首相と会談しガザ和平案の進展を図ったが、停滞するガザ合意の打開には至らなかった。国連人権高等弁務官のテュルク氏は、フーシ派と政府軍の戦闘再燃でイエメンの民間人被害が拡大しているとして、全面的な紛争再燃を避けるため即時の緊張緩和を求めた。
[記事本文](https://translate.google.com/translate?sl=en&tl=ja&u=https%3A%2F%2Fwww.theguardian.com%2Fworld%2Flive%2F2026%2Faug%2F17%2Ftrump-kushner-netanyahu-hamas-gaza-israel-blair-us-iran-hormuz-oil-latest-news-updates)

### 2026-08-17 米駆逐艦、南シナ海で4日漂流
米海軍のミサイル駆逐艦USSベンフォールドが「機関故障」により電源を喪失し、南シナ海で4日間にわたり漂流していたことが明らかになった。乗組員は調理設備やトイレ、空調が使えない状態に置かれ、展開中の兵員への負担の大きさが改めて懸念されている。同艦はジョージ・ワシントン空母打撃群と共に航行していたが、フィリピンのスービック湾に曳航されたと米海軍協会ニュースが報じた。
[記事本文](https://translate.google.com/translate?sl=en&tl=ja&u=https%3A%2F%2Fwww.theguardian.com%2Fus-news%2F2026%2Faug%2F17%2Fus-navy-destroyer-south-china-sea)

### 2026-08-16 日豪国防相会談、護衛艦導入協議
日本の小泉進次郎防衛相は今週オーストラリアを訪問し、リチャード・マールズ副首相兼国防相と会談する。協議では、日本製もがみ型護衛艦のオーストラリア導入と安全保障協力の強化が焦点となる見通し。今回の訪問は、アルバニージー首相のポッドキャストでの高市早苗首相からのメロン贈答をめぐる発言(いわゆる「メロン疑惑」)の後、最も高いレベルでの両国間の接触となる。
[記事本文](https://translate.google.com/translate?sl=en&tl=ja&u=https%3A%2F%2Fwww.theguardian.com%2Fworld%2F2026%2Faug%2F16%2Fjapans-defence-minister-heads-to-australia-to-meet-marles-in-wake-of-melon-gate-controversy)",1
