コード,テーマ,サブテーマ,タイトル,説明,科目,公開,著者,研究テーマ,PDF
ASAKA01,駐屯地、基地ツアー,朝霞駐屯地見学ツアー,朝霞駐屯地へようこそ！！,"ようこそ、朝霞駐屯地ツアーへ。このシリーズでは、首都圏にある朝霞駐屯地がどのような役割を担い、どんな部隊が活動しているのかを、順を追って紹介します。
駐屯地は英語ではCampと呼ばれ海上、航空自衛隊の「基地」（Base）に相当します。朝霞駐屯地は、陸上自衛隊の中でも特に重要な駐屯地で、全国規模の作戦を統括する陸上総隊司令部と、関東一円を担当する東部方面隊司令部という二つの司令部が置かれています。
敷地には司令部庁舎のほか、訓練場、自衛隊体育学校、広報施設「りっくんランド」などがあり、指揮・教育・広報が一体となって運用されています。このツアーでは朝霞駐屯地の役割と現在の活動、歴史、そして未来の役割まで幅広く見ていきましょう。",3級-軍事と戦略,1,,,
ASAKA02,駐屯地、基地ツアー,朝霞駐屯地見学ツアー,どこにあって何がある？,"朝霞駐屯地は、東京都心からほど近い埼玉県朝霞市・和光市を中心とした一帯に広がります。アクセス性の良さから、首都圏防衛の中枢に非常に適した立地にあります。ここには、日本中の即応部隊を指揮する陸上総隊司令部と、関東一円を統括する東部方面隊司令部とが並んで配置されており、全国へ、そして首都圏への二つの指揮機能が同居しています。さらに、作戦を支える通信・情報・施設科部隊、自衛隊体育学校、多目的に使われる朝霞訓練場、広報施設「りっくんランド」、などが整備され、多機能な構成となっています。
    都市近郊であるため、戦車や大型ミサイルなどの重量装備は置かれておらず、指揮・運用・通信といった“作戦の中枢を担う機能”が集中しています。朝霞は、位置・組織・設備の三拍子が揃った陸上自衛隊の重要拠点です。",3級-軍事と戦略,1,,,
ASAKA03,駐屯地、基地ツアー,朝霞駐屯地見学ツアー,陸上総隊って何？,"陸上総隊は、2018年に創設された、陸上自衛隊の全国作戦司令部です。従来、方面隊ごとに完結していた指揮体系を統合し、全国レベルの事態に迅速に対応するための司令部として設置されました。
指揮下には、水陸機動団（日本版海兵隊とも）、空挺団、特殊作戦群、中央即応連隊、高射特科群、通信部隊など、日本でも最も即応性の高い精鋭部隊が配置されています。これらは特定地域に縛られず、必要な場所へ速やかに展開できる機動部隊であり、陸上総隊はその運用を常時統括しています。
また、大規模災害や武力攻撃など、全国規模の事態には、方面隊の上位に立って指揮を執ることもあります。司令部が朝霞に置かれていることで、東京周辺の行政との連携も、迅速に行えるのも大きな特長です。朝霞駐屯地を語る上で、陸上総隊の存在は欠かせません。",3級-軍事と戦略,1,,,
ASAKA04,駐屯地、基地ツアー,朝霞駐屯地見学ツアー,東部方面隊とは？,陸上総隊と同じく、朝霞に司令部を置く東部方面隊は、関東地方を中心とする広大な地域の防衛と災害対応を担う「地域司令部」です。担当区域は東京都・神奈川・埼玉・千葉を軸に、新潟県、長野県、静岡県の一部を含む、人口が最も密集したエリアです。そのため、首都直下地震への備えや警備行動、重要施設防護など、多岐にわたる任務を抱えています。指揮下には、練馬の第1師団、群馬の第12旅団をはじめ、通信・施設・後方支援などの各種部隊が配置され、強固な防衛網を形成しています。朝霞の司令部は、これらの部隊の情報を集約し、作戦を統合する「地域の頭脳」として機能しています。さらに近年では、多国間共同訓練や災害派遣における調整の役割も大きくなっており、東部方面隊は地域安全保障の中核となっています。,3級-軍事と戦略,1,,,
ASAKA05,駐屯地、基地ツアー,朝霞駐屯地見学ツアー,朝霞に駐屯する部隊,"朝霞駐屯地には、戦闘部隊よりも“司令部を支える専門部隊”が多く配置されています。全国の作戦を扱う陸上総隊が置かれているため、情報・通信・サイバー防護・電子戦といった現代戦の中枢機能を担当する部隊が集まっており、朝霞は陸上自衛隊の技術・情報面のハブとなっています。一方、関東一円を担当する東部方面隊所属の部隊としては、施設科、後方支援、衛生、会計、警務、音楽隊など、地域の作戦運用を支える多様な部隊もここに駐屯しています。近年では偵察や警備を担う機動部隊も加わり、役割がさらに広がっています。 
また、自衛隊体育学校や輸送学校、中央音楽隊など教育・広報機関も併設されており、朝霞は“司令部・専門技術・教育”の三つの機能がそろう、陸上自衛隊でも特徴的な駐屯地です。",3級-軍事と戦略,1,,,
ASAKA06,駐屯地、基地ツアー,朝霞駐屯地見学ツアー,朝霞駐屯地の活動,"朝霞駐屯地では、全国と関東一円の作戦を担う司令部が置かれているため、日々多様な活動が行われます。司令部の幕僚たちは作戦計画の立案や状況監視、他部隊との調整にあたり、通信・情報・サイバーの部隊はネットワーク監視や情報分析を常時行っています。   
一方、朝霞訓練場では基礎訓練、車両教習、屋内射撃、軽戦技訓練など実動的な訓練も行われています。中央観閲式の会場として知られる広場では、隊列・式典訓練が行われることもあります。偵察・施設・後方支援など各部隊も、自らの専門領域に応じた訓練や整備作業を進めています。
また、自治体との防災訓練や広報イベントへの参加を通じて地域とも結びつき、災害時には迅速な派遣の準備を整えています。指揮の静と訓練の動が共存する点が、朝霞駐屯地ならではの特徴です。",3級-軍事と戦略,1,,,
ASAKA07,駐屯地、基地ツアー,朝霞駐屯地見学ツアー,りっくんランドの紹介,"朝霞駐屯地に隣接する広報センター「りっくんランド」は、自衛隊を身近に感じられる体験型の施設です。戦車や装甲車、ヘリコプターの実物大模型、最新装備の展示など、普段は触れられない装備品を間近に見ることができます。制服試着体験や、重量ある装備を実際に持ってみるコーナー、シミュレーターを使った体験など、子どもから大人まで楽しめる内容が充実しています。
館内の展示では、災害派遣の記録、海外派遣での活動、日本の安全保障の仕組みなどが紹介され、自衛隊の役割を体験しながら理解できる工夫が凝らされています。イベントが行われる日には、隊員との交流やミニ演奏会、特別展示が開催されることもあります。
気軽に立ち寄れる広報施設として、朝霞駐屯地とはまた違った視点から自衛隊を知ることができる人気スポットです。実際に現地を訪れると、装備や活動がより立体的に理解できるでしょう。",3級-軍事と戦略,1,,,
ASAKA08,駐屯地、基地ツアー,朝霞駐屯地見学ツアー,朝霞駐屯地の歴史,"朝霞駐屯地には、戦前・戦後・現代の三つの時代が折り重なっています。1941年（昭和16年）には、若い士官候補生を養成する陸軍予科士官学校（振武臺）が移設され、多くの学生がここで軍事教育を受けました。終戦後は米軍が進駐し、広大な「キャンプ朝霞」として利用されます。1960年にその一部が自衛隊へ返還され、現在の朝霞駐屯地として再スタートしました。1964年東京オリンピックでは射撃競技の公式会場となり、訓練場の一部が国際舞台として活用された歴史もあります。
現在では陸上総隊と東部方面隊の司令部が置かれ、日本の安全保障の中枢として機能しています。戦前の面影と、戦後の変遷、現代の役割が一つの場所に重なる、独特の歴史を持つ駐屯地です。",3級-軍事と戦略,1,,,
ASAKA09,駐屯地、基地ツアー,朝霞駐屯地見学ツアー,これからの朝霞駐屯地,"朝霞駐屯地は今後、陸上自衛隊の中でも特に重要な拠点として、さらに進化していくでしょう。全国の即応部隊を統括する陸上総隊が、置かれていることから、朝霞はこれまで以上に、全国規模の作戦調整や危機対応の中心となります。電子戦・サイバー防護・情報収集といった新領域の部隊も拡充されており、現代の安全保障環境に対応した多次元の指揮中枢としての役割が強まっています。
訓練面でも、朝霞訓練場を活用した指揮所演習、軽戦技訓練、多国間共同訓練の増加が見込まれています。また、首都圏に位置する特徴を生かし、災害時の迅速な対処や、自治体との連携体制もさらに整備されるでしょう。
司令部、専門部隊、教育機関が集まる朝霞は、今後も陸上自衛隊の未来をつくる場所として、役割を深めていくと期待されています。",3級-軍事と戦略,1,,,
ASAKA10,駐屯地、基地ツアー,朝霞駐屯地見学ツアー,練馬駐屯地も見ておこう,"朝霞が指揮機能の集積地であるのに対し、約５kmほどの距離にある練馬駐屯地は“実際に行動する部隊”が配置された拠点です。ここには第1師団司令部と第1普通科連隊があり、市街地戦闘、警備行動、災害派遣など首都圏の現場で動く実力部隊が日々訓練を続けています。
都市部に位置するため重量級装備はなく、高機動車や軽装甲機動車など、迅速な展開力に優れた装備が使われています。また、通信・施設・後方支援などの要素部隊も配置され、普通科部隊を後方から支えています。
練馬を知ることで、朝霞の“司令部としての役割”と、現場で働く部隊の関係がより立体的に理解できます。朝霞が“頭”なら、練馬は“腕”として機能し、両者が連携することで首都圏防衛は成り立っているのです。",3級-軍事と戦略,1,,,
YOKO01,駐屯地、基地ツアー,横須賀基地見学ツアー,横須賀基地へようこそ！,"横須賀基地へようこそ！
ここは東京湾の入り口という、地政学的にとても敏感で重要な位置にあり、現代のインド太平洋地域の安全保障の要石として機能しています。日本の海上防衛をになう海上自衛隊と、アメリカ海軍の東アジア戦略の中心である米海軍基地が、融合している、世界でも類を見ない場所です。
約160年前に幕末の徳川幕府がフランスの技術を導入して建設した「横須賀製鉄所」をルーツに持ち、歴史的な石造ドックが今なお現役で新鋭の艦艇を支えています。港内には日本の平和を守る護衛艦と、世界有数の戦力を持つ米第7艦隊の艦艇が並び、日米同盟が最も具体的に見て取ることができる場所です。
本ツアーを通じて、この風景と日本の安全保障や世界の安定がどう繋がっているのか、思いをはせながら見ていきます。歴史もまじえながら一緒に探究していきましょう 。",3級-軍事と戦略,1,,,
YOKO02,駐屯地、基地ツアー,横須賀基地見学ツアー,どこにあって何がある？,"横須賀基地は東京湾の入口近く、首都圏の海の玄関を守る軍港です。港を挟んで南西側が海上自衛隊、北東側が在日米海軍という“向かい合わせ”の構造が最大の特徴で、天然の良港と幕末以来の造船・修理の歴史が今も土台になっています。
海自側は吉倉桟橋を中心に護衛艦が係留され、補給・整備や基地業務を担う部隊が集まります。船越地区には自衛艦隊の指揮施設が置かれ、作戦の「頭脳」として機能します。東西の中間の楠ヶ浦は潜水艦、田浦は教育・医療など、地区ごとに役割が分かれます。
米軍側には多数の桟橋と複数のドライドックが並び、巨大ドックは原子力空母の入渠にも対応します。住宅・病院・学校・商業施設まで備え、基地の中に“街”があるのも横須賀らしさです。見学では、港の両岸に艦艇が並ぶ理由を地図で確かめてみましょう。ヴェルニー公園から全体像が見渡せます。ぜひ。",3級-軍事と戦略,1,,,
YOKO03,駐屯地、基地ツアー,横須賀基地見学ツアー,横須賀基地の役割とは？,"横須賀基地は、日本の海上自衛隊の中枢的拠点です。首都圏に最も近い大規模基地として、護衛艦や潜水艦が常時展開できる体制を維持し、領海警備、シーレーン防護、弾道ミサイル防衛など海上防衛の実動部隊を支えています。特に自衛艦隊司令部が置かれている点で、横須賀は海自全体の作戦を統括する「頭脳」の役割を担っています。
一方、米軍から見た横須賀は、西太平洋における最重要の海軍拠点です。沖縄には大規模な海軍軍港はなく、空母や多数の水上戦闘艦を常時受け入れられるのは横須賀だけです。そのため第7艦隊の司令部や空母打撃群が置かれ、アジア太平洋全域への即応展開が可能になっています。
横須賀基地は、日本の海上防衛の中核であると同時に、米海軍の前方展開拠点として日米同盟を実戦レベルで支える、極めて重い役割を担っているのです。",3級-軍事と戦略,1,,,
YOKO04,駐屯地、基地ツアー,横須賀基地見学ツアー,海上自衛隊の中枢・横須賀,"海上自衛隊にとって、横須賀は「海自の首都」とも呼ぶべき最重要拠点です。2020年には船越地区に最新鋭の「海上作戦センター」が完成し、自衛艦隊司令部や護衛艦隊司令部といった作戦指揮の頭脳がここに集約されました。これにより全国の艦艇や航空部隊へ、即時に指示を出す体制が整い、米軍との緊密な共同作戦指揮も円滑に行えるようになっています。
また横須賀地方総監部は、岩手県から三重県までの広大な太平洋岸地域の防衛・警備を担当し、沿岸防備や災害派遣、基地業務を指揮しています。現場の実力部隊だけでなく、後方の整備補給、さらには技術教育を担う術科学校や医療を担う病院まで、多くの機能がこの地に集積しています。
海自創設の地の一つでもある横須賀は、鎮守府以来の伝統を継承しつつ、常に日本の海上防衛の進化をリードし続けています 。",3級-軍事と戦略,1,,,
YOKO05,駐屯地、基地ツアー,横須賀基地見学ツアー,横須賀に配備される艦艇,"横須賀には海上自衛隊の最新鋭、かつ強力な艦艇が集結しています。その象徴が、全通甲板を持つ海自最大の艦艇である護衛艦「いずも」です。
現在はF-35B戦闘機の運用を可能にするための「空母化」改修が進められており、艦首の形状が四角形に変更されるなど、日本の航空優勢確保の切り札へと進化を遂げています。 
加えて、弾道ミサイル防衛の中核を担うイージス艦「まや」や、世界レベルの隠密性を誇る最新鋭の「たいげい型」潜水艦部隊もここを母港としています。
さらに、従来の護衛艦と掃海艇の機能を併せ持つステルス艦「もがみ型」などの新世代艦も配備され、また南極観測船「しらせ」などが横須賀を基盤に活躍する例もあります。まさに日本の海軍力を世界に示す場所ともいえます。これらの多彩な艦艇が連携し、首都圏をはじめとする、日本の空と海を日夜守っています。",3級-軍事と戦略,1,,,
YOKO06,駐屯地、基地ツアー,横須賀基地見学ツアー,港とドックのしくみ,"横須賀の港を支えるのは、160年の歴史を持つドック群です。
1871年に完成した「1号ドック」は、日本最古の石造りドライドックです。近代化産業遺産としての価値を持ちながら、今なお現役で艦艇整備に使用されています。これらは江戸幕府から依頼されたフランス人技師、ヴェルニーの指導により造られたもので、横須賀が近代工廠の街として発展した原点です。
一方、米軍エリアの「6号ドック」は、1940年に完成した巨大施設です。かつて戦艦「大和」級の超大型艦にも対応できる規模で造られました。このドックの存在こそが、戦後に米海軍が原子力空母を収容できる拠点として、横須賀を維持し続ける決定的な要因となりました。
古い歴史的遺産と、最新の運用機能が同じ港に共存し、日米の艦艇が肩を並べて入渠（にゅうきょ）する姿は、横須賀基地が持つ大きな技術的・歴史的な伝統と意義を物語っています。",3級-軍事と戦略,1,,,
YOKO07,駐屯地、基地ツアー,横須賀基地見学ツアー,日米同盟と横須賀基地,"横須賀基地は日米安全保障条約に基づく同盟関係が最も具体的に現れている現場です。ここでは単に二つの海軍が隣り合っているのではなく、施設や補給機能、情報の共有といった高度な「相互運用性」が確立されています。例えば、海自の艦艇が米軍のドックで修理を受けたり、燃料や部品を融通し合う枠組みが日常的に機能しています。
近年では、自衛艦隊と米第7艦隊の司令部が近接している利点を活かし、共同作戦指揮やホットラインを通じた緊密な意思疎通が行われています。 
また、日米のイージス艦がネットワークで結ばれ、弾道ミサイル防衛において重層的な「盾」を形成しているのも大きな特徴です。この一体となった統合抑止の態勢こそが、地域の不安定要因に対する強力なメッセージとなり、日本の平和と世界の安定を支える基盤となっているのです。",3級-軍事と戦略,1,,,
YOKO08,駐屯地、基地ツアー,横須賀基地見学ツアー,米海軍横須賀基地とは？,"米海軍横須賀基地（CFAY：Commander, Fleet Activities Yokosuka）は、アメリカ本土以外で唯一原子力空母を母港とする、米海軍最大かつ戦略的に最も重要な海外基地です。第7艦隊の指揮中枢である旗艦「ブルー・リッジ」を筆頭に、約10隻のイージス駆逐艦を擁する第15駆逐隊などが配備され、西太平洋からインド洋にわたる広大な海域の安定を担っています。
基地内は約2万人以上の軍人や家族が暮らす完結したコミュニティであり、独自の学校、病院、商業施設が並ぶ「アメリカの街」そのものです
。また、日本人従業員が約2,800名働く艦船修理廠（SRF）の高度な技術力は、米軍艦艇の迅速な整備に不可欠な要素となっています。日本の技術力と米軍の運用能力が高度に融合している点が、他の海外基地にはない横須賀の強みと言えるでしょう 。",3級-軍事と戦略,1,,,
YOKO09,駐屯地、基地ツアー,横須賀基地見学ツアー,横須賀基地の歴史,"横須賀基地の歴史は幕末・明治期に始まります。江戸幕府末期に造船所の建設が始まりました。1871年（明治4年）に石造1号ドックが完成すると、政府はここを軍港として整備しました。1884年には東海鎮守府が移転して横須賀鎮守府が設置され、日清・日露戦争期を通じて帝国海軍の重要拠点として機能しました。太平洋戦争中も造船・修理の中心でしたが、戦後は連合軍に接収されます。
    1952年に海上自衛隊が発足すると、横須賀に横須賀地方隊が編成されます。旧海軍施設の一部を使用して再駐留を開始しました。米海軍は基地を西側に整備し、冷戦期以降、横須賀は日米同盟の重要な海上戦略拠点へと変貌しました。1973年には航空母艦が常駐する母港となり、以後、アメリカからは原子力空母の前方展開基地として、現在に至ります。この長い歴史は、旧軍港から現代の日米共同拠点への継承と変革の軌跡を語っています。",3級-軍事と戦略,1,,,
YOKO10,駐屯地、基地ツアー,横須賀基地見学ツアー,これからの横須賀基地,"横須賀基地は、変化する安全保障環境に合わせて、さらなる進化を続けています。進行中の最大の注目点は、護衛艦「いずも」が戦闘機F３５Bの発着・運用に対応する点です。2027年度までに、日米の護衛艦と、空母による共同作戦が可能となることで、太平洋側での防空能力や、島嶼防衛の能力は次元の異なる段階へと移行します。
また、ステルス性を極限まで高めた新型護衛艦の増勢や、米海軍が進める無人水上艇（USV）の試験運用など、最新の無人兵器が港内に浮かぶ光景も日常となっていくでしょう。 
厳しい国際情勢の中でも、横須賀は歴史ある施設と最新の軍事技術、そして日米の絆を融合させ、自由で開かれたインド太平洋を守るための「結節点」として、これからも平和への責任を果たし続けます。今後も横須賀基地は、平時・有事を問わず、多様な役割を果たし続けるでしょう。",3級-軍事と戦略,1,,,
YOKO11,駐屯地、基地ツアー,横須賀基地見学ツアー,【名所】タケルとサクラの原点：走水神社（上）,"横須賀市の東端、東京湾に面した静かな高台に走水神社は鎮座しています。現在は桜の名所としても知られ、落ち着いた参拝地ですが、その立地は古代から近代まで一貫して「海の要衝」でした。眼下に広がる浦賀水道は、日本列島の東西を結ぶ重要な海上交通路であり、古代のやまとの国の東国遠征から近代の軍港・横須賀へと続く歴史の舞台でもあります。
神社の周辺には砲台跡や旧軍施設が点在し、すぐそばの小原台には防衛大学校もあります。これは偶然ではなく、この地が常に国の防衛と深く関わってきた証と言えるでしょう。走水神社は、現代の横須賀基地と同じ海を見つめながら、日本の防衛の原点に思いを巡らせることができる、特別な場所なのです。",3級-軍事と戦略,1,,,
YOKO12,駐屯地、基地ツアー,横須賀基地見学ツアー,【名所】タケルとサクラの原点：走水神社（下）,"走水神社に祀られているのは、古代のやまとの国から東国平定に向かった英雄・日本武尊（ヤマトタケル）と、その妃である弟橘媛（オトタチバナヒメ）です。
古事記・日本書紀によれば、荒れ狂う海を前に弟橘媛は自ら海に身を投じ、夫と船団の進路を救いました。この自己犠牲の物語は、古くから日本人の心に深く刻まれてきたのです。
日本武尊は「日本の海軍の始まり」とも言われる存在で、未知の海を越え、国を広げた象徴的な英雄です。一方、弟橘媛命は支える者の覚悟と献身を体現しています。この二人の姿は、タケルとサクラという本プロジェクトのマスコットにも重ねられています。横須賀を訪れた際には、ぜひ立ち寄り、この物語に思いを馳せてみてください。過去と現在をつなぐ静かな時間が、きっと得られるはずです。",3級-軍事と戦略,1,,,
IRUMA01,駐屯地、基地ツアー,入間基地見学ツアー,入間基地へようこそ！,"埼玉県の武蔵野台地に広がる、航空自衛隊入間基地へようこそ。ここは平時に約４５００名もの隊員が勤務する、東日本最大の補給と輸送の拠点です。総面積は約３．２平方キロメートルに及び、東京ドームに換算すると約６８個分もの広さを持っています。
今回のツアーでは、普段は立ち入ることのできないフェンスの向こう側へとご案内します。入間基地の大きな特徴は、実は戦闘機が１機も配備されていないことです。 それなのに、なぜこれほど多くの隊員が集まっているのでしょうか。
その理由は、ここが航空自衛隊のロジスティクス、つまり兵站の中枢だからです。 前線で戦う部隊を後ろから支える、巨大な物流の要。その役割と仕組みを、一緒に探究していきましょう。",3級-軍事と戦略,1,,,
IRUMA02,駐屯地、基地ツアー,入間基地見学ツアー,どこにあって何がある？,"入間基地があるのは、埼玉県の狭山市と入間市にまたがる場所です。 入間基地と呼ばれていますが、実は入間市には１５パーセントしかなく、残りの大部分は狭山市に位置しています。 こうした名前と実態のズレも、この基地の面白い特徴の一つです。
周辺は地盤が固く平坦な武蔵野台地で、古くから航空基地に適した場所として利用されてきました。 西武池袋線の稲荷山公園駅が敷地のすぐ近くにあり、電車のホームから基地が見えるほど街と隣り合っています。
敷地の中央には、長さ２０００メートルの滑走路が１本伸びています。 その端には「１７」や「３５」という数字が大きく書かれています。 これは滑走路が向いている「１７０度」と「３５０度」の方角を意味する、航空界の独特なルールです。",3級-軍事と戦略,1,,,
IRUMA03,駐屯地、基地ツアー,入間基地見学ツアー,空自最大の補給・輸送ハブ,"入間基地に戦闘機はいません。 それなのに空自最大の拠点となっているのは、ここが航空自衛隊の兵站、つまり物資の補給と輸送の中枢だからです。
基地内には、全国の部隊へ燃料や医療品、航空機の部品などを届ける第３補給処と第４補給処が置かれています。 いわば自衛隊専用の巨大な物流センターです。ここで厳重に管理された装備品が、日本各地の基地へと日々送り出されています。
これらの物資や隊員を、実際に空から運ぶのが第２輸送航空隊の役割です。 滑走路の脇には大型の輸送機が並び、国内の定期便だけでなく、大規模な災害時の緊急輸送や、海外への国際緊急援助活動といった任務を担っています。
必要なものをそろえ迅速に届ける。入間は、日本の防衛を根底から支える要の拠点です。",3級-軍事と戦略,1,,,
IRUMA04,駐屯地、基地ツアー,入間基地見学ツアー,C-1からC-2へ——輸送機の世代交代,"入間基地の空を長く支えてきた、初の国産ジェット輸送機「Ｃ－１」が、２０２５年３月にすべての運用を終了しました。 約５５年にわたり活躍し、緑の迷彩柄の機体は入間の象徴として親しまれました。
現在、その後を継いで主力となっているのが、新しい国産輸送機「Ｃ－２」です。 機体は大幅に大型化し、輸送できる能力が大きく向上しました。 最大の積載量はＣ－１の約８トンから、Ｃ－２では約３０トンへと増えています。
これにより、従来は運べなかったペトリオットシステムや、大型車両なども、解体せずにそのまま空輸できるようになりました。
さらに航続距離も約４倍に伸び、国際緊急援助の際にはハワイぐらいまで給油なしで飛行できます。 日本の空輸能力は、今、大きな世代交代を迎えています。",3級-軍事と戦略,1,,,
IRUMA05,駐屯地、基地ツアー,入間基地見学ツアー,縁の下の力持ち——飛行点検隊と補給処,"入間基地には、陸海空の自衛隊を通じてここにしか存在しない、唯一の専門部隊があります。それが「飛行点検隊」です。
彼らの任務は、日本全国の自衛隊飛行場にある無線施設が、正しい電波を出しているか、を空から検査することです。 専用の 飛行点検機を運用し、すべての自衛隊機が安全に離着陸するためのインフラを、日夜維持しています。
また入間には、情報戦や電子戦の核となる電子飛行測定隊や、電子戦隊も置かれています。 なお、丸いレーダーを載せた「Ｅ－２早期警戒機」が入間に常駐していると誤解されることがありますが、あちらは青森県の三沢基地などに所属する機体です。
電波という目に見えない領域から、日本の航空防衛の安全を支える組織が、この地に集まっています。",3級-軍事と戦略,1,,,
IRUMA06,駐屯地、基地ツアー,入間基地見学ツアー,首都の空を誰が守る？——横田空域という現実,"入間基地には、首都圏をはじめ東日本の空の防衛を担う「中部航空方面隊司令部」が置かれています。日本の空を守る、まさに中枢のひとつです。
ところがその空には、ちょっと意外な事実があります。入間基地を含む関東一円の上空には、「横田空域」と呼ばれる広大な空域が広がっています。東京・埼玉・神奈川など1都8県にまたがり、南北およそ300キロメートル、高度7000メートルにまで及ぶ、巨大な階段状の空間です。
この空域の管制を行っているのは、日本ではなく、横田基地の在日米軍です。終戦後から続くこの仕組みのため、羽田を発つ旅客機の多くは、空域を避けて東京湾上空で旋回し、高度を上げてから西へ向かいます。
日本側は返還を求め、これまで一部が返還されてきました。首都の空がどのように成り立っているのか——意外と知られていない現実です。",3級-軍事と戦略,1,,,
IRUMA07,駐屯地、基地ツアー,入間基地見学ツアー,中部航空方面隊という守り,"入間基地には、首都圏を含む東日本一帯の防空をまとめる、中部航空方面隊の司令部が置かれています。 その防衛を受け持つ範囲は、北は秋田県から西は鳥取県や高知県までにおよび、日本の人口や経済が集中する一都二府三十県という広大なエリアをカバーしています。
この広い地域において、地上からの迎撃を担当するのが中部高射群です。 入間基地にはその部隊の指揮所があり、敷地内には地対空誘導弾ペトリオット、いわゆる「ＰＡＣ－３」のシステムが配備されています。
これは、周辺国からミサイルなどの攻撃があった際、首都圏への着弾を最後の段階で迎え撃つための装備です。 ２４時間体制での警戒監視を絶やすことなく、常に空をにらみ続けています。
地上から空を守るシステムによって、首都圏の安全を支える盾の役割を果たしているのです。",3級-軍事と戦略,1,,,
IRUMA08,駐屯地、基地ツアー,入間基地見学ツアー,入間基地の歴史——修武台からジョンソン基地へ,"入間基地の歴史は、１９３８年に現在の場所へと移転してきた、旧日本陸軍の航空士官学校から始まります。 １９４０年には本格的な飛行場が完成し、翌年には昭和天皇から「修武臺」という名を授けられました。 太平洋戦争の終戦までに、約７０００名もの航空士官候補生がここから大空へと巣立っていったのです。
戦後は一転して連合国軍に接収され、「ジョンソン基地」と改称されました。 １９５０年に始まった朝鮮戦争の際には米軍の重要な作戦拠点となり、不足する住宅を補うために周辺へ米軍ハウスが整備されました。
その後、段階的に日本への移管が進み、１９５８年に航空自衛隊の入間基地が開設されます。 そして１９７８年に、すべての敷地が全面返還され、現在の姿となりました。
旧陸軍から米軍、自衛隊へと受け継がれた歴史が、この地に深く刻まれています。",3級-軍事と戦略,1,,,
IRUMA09,駐屯地、基地ツアー,入間基地見学ツアー,入間航空祭——日本最大級の航空ショー,"毎年、１１月３日の文化の日に開催される「入間航空祭」は、日本最大級の来場者数を集める航空イベントです。 この日は基地が一般に開放されます。入場無料で、様々な航空機や地上装備を間近で見学することができるのです。
秋晴れとなった２０２５年度の開催時には、約２６万人もの多くの観客が基地へと詰めかけました。 これは国内の航空ショーのなかでも最大級の動員数です。 人気の理由は、巨大な首都圏に立地していること、そして西武線の稲荷山公園駅から徒歩ですぐにアクセスできるという高い利便性にあります。
そして多くのファンが楽しみにしているのが、ブルーインパルスによる展示飛行です。 青と白の機体が、一糸乱れぬ隊形を組み、大空に白いスモークで、大きなハートや星を描き出します。
一般の人々と自衛隊を結ぶ、開かれた広報の舞台となるのです。",3級-軍事と戦略,1,,,
IRUMA10,駐屯地、基地ツアー,入間基地見学ツアー,これからの入間基地,"入間基地は、新しい機体の導入や機能の強化によって、その役割を変化させ続けています。
輸送の面ではＣ－２への移行が完了し、物資の大量輸送や島嶼部への緊急展開能力が向上しました。 さらに、最新の電波情報収集機「ＲＣ－２」も配備され、現代の防衛に求められる電磁波領域での情報収集能力を強化しています。
災害への備えとしては、２０２２年に敷地内で「自衛隊入間病院」が開院しました。 この病院は大規模災害が発生した際、全国から空輸されてくる傷病者を受け入れる医療ハブとなります。 通常は６０ある病床を、壁面に埋め込まれた酸素バルブなどを活用して、２倍の１２０床へと緊急増床できる特別な設計が特徴です。
空の輸送力と医療のハブ機能を組み合わせ、入間基地は時代に応じた進化を続けています。",3級-軍事と戦略,1,,,
IRUMA11,駐屯地、基地ツアー,入間基地見学ツアー,【名所】ジョンソンタウンと稲荷山公園,"入間基地のフェンスの外側にも、基地の歴史と深く結びついた散策の場所が広がっています。
基地の北側に隣接する「狭山稲荷山公園」は、かつて米軍ジョンソン基地の将校用住宅やゴルフ場があった場所です。 日本への返還後に整備され、園内には米軍時代から残るアカマツの並木が、今も静かに佇んでいます。
近くにある「ジョンソンタウン」も、当時の記憶を伝えるエリアです。 朝鮮戦争の時期に建てられた、白い板壁の米軍ハウスが２３棟残り、アメリカの郊外のような街並みが広がっています。 現在はお洒落なカフェやショップが並び、歴史遺産を壊さずに再生した街として、２つの大きな賞も受けました。
基地とともに歩んできた入間の歴史は、今もこうした日常の風景の中に溶け込んでいます。",3級-軍事と戦略,1,,,
HEI01,陸上自衛隊の基礎,兵科,部隊の種類とは？,"部隊にはさまざまな役割があります。前線で敵に立ち向かう兵士、大砲で後方から支援する兵士、戦車で突破口を開く兵士もいれば、橋を架け道を整える工兵、食料や弾薬を運ぶ補給部隊、通信や医療を担当する支援部隊もいます。これらが力を合わせることで軍隊は機能します。こうした役割ごとの区分を軍隊では「兵科」と呼びます。自衛隊もこの考え方を用い、普通科、特科、機甲科、施設科、後方支援部隊などに分けられています。英語では
  “branch” または “arm” と表現され、Infantry Branch（歩兵）、Artillery
  Branch（砲兵）などと呼ばれます。普段は耳にしない言葉ですが、兵科の理解は軍隊の全体像をつかむ第一歩になります。",3級-軍事と戦略,1,,,
HEI02,陸上自衛隊の基礎,兵科,普通科（歩兵）,"普通科は、陸上自衛隊の中心を担う兵科で、一般には歩兵と呼ばれます。地上を進んで敵に接近し、直接戦うのが最大の任務です。普通科は人数が最も多く、あらゆる状況に対応できる柔軟さを持ちます。基本装備は小銃ですが、近年では軽装甲機動車や装甲車を使って部隊を素早く動かし、携帯式ミサイルや迫撃砲を組み合わせて火力を強化しています。都市部や山岳、災害現場など幅広い場所で活動できるのも特徴です。災害派遣の場面では、被災者の救助や物資輸送を行うため、国民にとって最も身近な存在といえるでしょう。
英語では  “infantry” と呼ばれ、世界の軍隊に共通する基本部隊です。普通科を理解することは、軍隊全体を学ぶ第一歩になります。",3級-軍事と戦略,1,,,
HEI03,陸上自衛隊の基礎,兵科,特科（砲兵）,"特科は、大砲やロケットを使って遠距離から火力支援を行う兵科です。一般には砲兵と呼ばれ、歩兵や戦車が前進する際に後方から攻撃して援護します。敵の拠点や陣地を弱らせることで、味方が有利に戦える状況をつくり出します。
近代以降の戦争では「砲兵は戦場の神」と言われるほど重要であり、その伝統は今も受け継がれています。陸上自衛隊でも数十キロに及ぶ長距離射程の火砲や多連装ロケットを装備し、遠隔から精密な攻撃を行える体制を整えています。さらに対艦ミサイル部隊も特科に含まれ、日本周辺の島嶼防衛にも大きな役割を果たしています。
英語では  “artillery” と呼ばれ、世界各国の軍隊に共通する主要兵科の一つです。",3級-軍事と戦略,1,,,
HEI04,陸上自衛隊の基礎,兵科,機甲科（戦車部隊）,"機甲科は、戦車を中心に編成された部隊で、強力な火力と防御力、そして機動力を兼ね備えています。厚い装甲で乗員を守り、大口径の主砲で敵陣を撃破し、歩兵や砲兵と連携して突破口を切り開くのが役割です。戦車は第二次世界大戦以降の地上戦において主役となり、現代でもなお重要な戦力です。
陸上自衛隊では74式、90式、最新の10式戦車が運用され、電子装備によって高い命中精度と情報共有能力を備えています。機甲部隊は広い平野や開けた地形で力を発揮し、敵の防御を一気に崩す「矛」として機能します。英語では  “armor” または “armored branch” と呼ばれ、各国軍の主力兵科の一つに数えられます。",3級-軍事と戦略,1,,,
HEI05,陸上自衛隊の基礎,兵科,施設科（工兵）,"施設科は、軍隊が活動するための道を切り開く兵科で、一般には工兵と呼ばれます。
橋を架けたり、障害物を除去したり、道路を整備したりして、部隊の移動や補給を可能にするのが主な任務です。戦場では敵の妨害を取り除き、味方が前進できるように環境を整えます。逆に防御の際には、地雷や障害物を設置して敵の進撃を遅らせる役割も担います。
陸上自衛隊の施設科は、重機や架橋装備を駆使し、災害派遣では道路復旧や倒壊物の除去に活躍します。そのため「戦場の土木屋」と呼ばれることもあり、軍事と民生の両方で欠かせない存在です。
英語では  “engineers” または “combat engineers” と呼ばれ、各国軍で共通する重要な兵科とされています。",3級-軍事と戦略,1,,,
HEI06,陸上自衛隊の基礎,兵科,後方支援（補給・輸送・整備・衛生）,"軍隊は戦闘部隊だけでは機能しません。弾薬や食料を届ける補給、車両や装備を直す整備、部隊を動かす輸送、そして負傷者を救う衛生。これらを総称して「後方支援」と呼びます。
陸上自衛隊には、需品科（補給）、輸送科、衛生科、武器科といった職種があり、それぞれ専門の技術と装備を備えています。例えば補給部隊は燃料や弾薬を絶え間なく前線に送り、整備部隊は故障した戦車や火砲を修理し、再び戦える状態に戻します。輸送部隊は物資や人員を安全に運び、衛生部隊は野戦病院を展開して治療や後送を行います。
これらが機能しなければ戦闘部隊は数日で力を失うため、後方支援は「戦闘力の生命線」といえる存在です。英語では  “logistics” と総称されます。",3級-軍事と戦略,1,,,
ORG01,陸上自衛隊の基礎,陸自の組織と編成,陸上自衛隊の全体像,"陸上自衛隊は約15万人の隊員を擁する日本最大の防衛組織です。全体の指揮系統はピラミッド状になっており、頂点には防衛大臣、そして統合幕僚長、統合作戦司令官がいます。その下で軍事的な専門トップとして組織を管理するのが「陸上幕僚監部」であり、いわば陸自の頭脳となります。
実働部隊は大きく二つに分かれています。一つは、日本を5ブロックに分けて地域防衛を担う「方面隊」です。もう一つは、全国へ迅速に展開する機動部隊を束ねる「陸上総隊」です。有事には総隊が陸自全体を統合し、統合作戦司令官の指揮のもとで陸海空連携の作戦を一元的に担います。
最前線を支えるため、隊員を育成する教育機関や後方支援組織も存在します。統合運用というシステムの中で、頭脳、地域防衛、機動展開、支援組織が緊密に連携し、巨大な陸自が一体となって国を守っているのです。",3級-軍事と戦略,1,,,
ORG02,陸上自衛隊の基礎,陸自の組織と編成,全国を守る５つの方面隊,"陸上自衛隊は、南北に長い日本列島を守るため、全国を5つのブロックに分けて「方面隊」を配置しています。北海道の「北部」、東北地方の「東北」、関東・甲信越の「東部」、東海から四国までを含む「中部」、そして中国・九州・沖縄を担当する「西部」の5つの方面隊です。   
  それぞれが管轄地域の防衛や災害対応に責任を持ちます。最大の特徴は、地域の特性に合わせて編成が異なる点です。例えば、広大な北海道を守る北部方面隊は戦車などの重装備を多く持ち、島々が連なる西部方面隊は海や空からの展開に対応した部隊が充実しています。   
  各方面隊のトップである「方面総監」は、平時から地域の知事や自治体と連携を深めています。いざという時には即座に部隊を動かし、それぞれの持ち場から日本全土をパズルのように隙間なく守り固めているのです。",3級-軍事と戦略,1,,,
ORG03,陸上自衛隊の基礎,陸自の組織と編成,作戦の基本「師団・旅団」,"方面隊の下に配置され、独立して作戦を行うための基本単位となるのが「師団」と「旅団」です。師団は約6,000〜8,000人、旅団はその半分程度の人数で構成されており、日本全国に15個が配置され、それぞれが担当する県や地域を持っています。   
 師団・旅団の最大の強みは「諸職種連合」という仕組みです。普通科（歩兵）や機甲科（戦車）などの戦闘部隊だけでなく、通信、施設、補給、衛生といったあらゆる専門兵科が一つのグループにまとまっています。そのため、外部からの支援を待つことなく、自分たちだけで自己完結して長期間戦ったり、災害派遣活動を行ったりすることができます。   
  隊員たちは、それぞれ専門の部隊に所属しますが、師団や旅団という「あらゆる機能が揃った巨大なチーム」の一員として連携することで、複雑な任務を達成できるのです。",3級-軍事と戦略,1,,,
ORG04,陸上自衛隊の基礎,陸自の組織と編成,連隊から小隊までの階層,"師団や旅団の下に配置され、特定の地域や任務の要となるのが「連隊（れんたい）」です。約1,000人規模で編成され、作戦を遂行する上での中心的なまとまりとなります。連隊はさらに細かく分かれ、数百人規模の「大隊」または「中隊」へと続きます。
中隊の下には数十人で構成される「小隊」、さらに数人から十数人の「班」という最小単位へと細分化されていきます。新しく入隊した若い隊員にとって、最も身近な生活と訓練の基盤となるのが、この中隊から班に至る小さなグループです。
隊員たちは、顔の見える範囲の上官から直接の指揮を受け、仲間と固い絆を結びながら日々の厳しい訓練を重ねます。巨大な陸上自衛隊の作戦も、最後はこうした小さなチームの強い信頼関係と、チームワークの積み重ねによって実行されているのです。",3級-軍事と戦略,1,,,
ORG05,陸上自衛隊の基礎,陸自の組織と編成,即応展開する精鋭部隊,"陸上自衛隊には、地域ごとの守りを固める部隊とは別に、有事の際に全国どこへでも真っ先に駆けつける、機動性の高い精鋭部隊が存在します。これらは陸上総隊の指揮下に置かれ、極めて専門的で特殊な任務を遂行するための部隊です。
代表的なものとして、パラシュート降下により空から目標地域へ展開する「第1空挺団」や、海から島嶼部へ上陸して奪還作戦を行う、日本版海兵隊ともいえる「水陸機動団」が挙げられます。また、対テロ作戦や高度な特殊任務を専門とする「特殊作戦群」のような部隊も存在します。
通常の隊員よりも、さらに過酷で、厳しい訓練を乗り越えた者だけが所属できるこれらの部隊は、現代の複雑化する安全保障環境において、最も困難な任務をいち早く遂行する切り札として、日本の防衛に欠かせない役割を担っています。",3級-軍事と戦略,1,,,
DEP01,陸上自衛隊の基礎,国内の配備と役割,全国に広がる駐屯地,"陸上自衛隊の駐屯地は、北は北海道から南は沖縄まで、全国に約160カ所も存在します。なぜこれほど細かく分散しているのでしょうか。最大の理由は、南北に細長い日本列島の、どこで有事や大規模災害が起きても、すぐさま部隊が駆けつけられるようにするためです。
それぞれの駐屯地は、その地域の地形や気候を熟知した隊員たちが日々の訓練を行う拠点です。特に自然災害の多い日本では、駐屯地が各地にあることで、被災地への迅速な人命救助や、物資輸送が可能になっています。
また、駐屯地は地域社会と密接に結びついています。隊員たちは防衛という大きな任務を担いながらも、普段は地域行事への参加や防災訓練を通じて地元住民と協力し合っています。
全国の駐屯地は、地域に寄り添いながら国を守る「安心の拠点」として機能しているのです。",3級-軍事と戦略,1,,,
DEP02,陸上自衛隊の基礎,国内の配備と役割,かつての「北の防壁」,"現在でこそ、全国に機動的に部隊を展開する陸上自衛隊ですが、かつての配備は全く異なる姿をしていました。冷戦時代、最大の軍事的な脅威は、北の超大国であるソビエト連邦だったためです。万が一、ソ連軍が日本に侵攻してくるとすれば、そのルートは北海道であると想定されていました。
この「北からの脅威」を食い止めるため、陸上自衛隊は戦車や大砲といった重装備や、精鋭部隊の多くを北海道に集中配備しました。広大な大地を利用して大規模な戦闘訓練が行われ、北海道はまさに日本を守るための巨大な「防壁」としての役割を担っていたのです。
時代が変わり冷戦が終結すると、この北に偏った重装備の配置は見直されることになります。
しかし、この時代に北海道で培われた過酷な雪中戦や、大規模部隊を運用するノウハウは、今の隊員たちにもしっかりと受け継がれています。",3級-軍事と戦略,1,,,
DEP03,陸上自衛隊の基礎,国内の配備と役割,南西シフトという転換,"冷戦が終結すると、日本の安全保障を取り巻く環境は大きく変化しました。北からの脅威が減少した一方で、周辺国の活発な海洋進出などにより、九州から沖縄へと連なる「南西諸島」の防衛が喫緊の課題となったのです。
この新たな事態に対応するため、陸上自衛隊は大きな決断を下しました。防衛の重心を北海道から南西方面へと一気に移す、「南西シフト」と呼ばれる戦略的な配置転換です。戦車などの重装備を削減する代わりに、機動力の高い車両やミサイルを増強し、部隊のあり方を根本から見直しました。
この劇的なシフトは現在も進行中です。かつて北の大地を守るため、重厚に構えていた陸上自衛隊は、今や美しい海に浮かぶ数多くの島々を守り抜く機動的な体制へと、その組織の姿を大きく変容させているのです。",3級-軍事と戦略,1,,,
DEP04,陸上自衛隊の基礎,国内の配備と役割,島々を守るミサイルの壁,"「南西シフト」を最も象徴するのが、これまで自衛隊の部隊が配置されていなかった空白地域への新たな展開です。近年、与那国島、宮古島、奄美大島、そして石垣島に新しい駐屯地が次々と開設されました。
これらの駐屯地には、周辺の海や空を警戒監視する部隊だけでなく、他国の艦艇を狙う「地対艦ミサイル部隊」や、空からの脅威に備える「地対空ミサイル部隊」が配備されています。点在する島々に拠点を置くことで、日本の南西地域に強力なミサイルの網、いわば「見えない防壁」を築いているのです。
これにより、他国の軍隊が日本の領海や領空に容易に接近することを強く牽制できます。最前線となる島々の新しい駐屯地は、地元住民に安心をもたらすとともに、日本全体の平和を維持する最重要拠点として機能しています。",3級-軍事と戦略,1,,,
DEP05,陸上自衛隊の基礎,国内の配備と役割,全国から駆けつける機動力,"防衛の重心が南西諸島に移ったとはいえ、すべての部隊を限られた広さの島々に常駐させることは不可能です。そこで現代の陸上自衛隊が最も重視しているのが、いざという時に全国の部隊を必要な場所へ一気に移動させる「機動展開能力」です。
事態が発生すれば、北海道や本州など全国の駐屯地にいる隊員たちが即座に出動します。そして、民間フェリーや海上自衛隊の輸送艦、輸送機などを駆使して、数千キロ離れた最前線へ装備とともに駆けつけるのです。この「動く防衛力」こそが現代の要となります。
普段は地域に密着して全国に分散配置されながらも、有事には一つの大きな力となって特定の地域に集中する。これが、約15万人の隊員と全国約160の駐屯地を機能させる、現代の陸上自衛隊の最も洗練された配備の姿なのです。",3級-軍事と戦略,1,,,
KAN01,海上自衛隊の基礎,艦種の違い,海自の主力「護衛艦」,"海上自衛隊の主役は「護衛艦」です。国際的な分類では「駆逐艦（Destroyer）」などにあたります。かつての駆逐艦は艦隊を守る小さなボディーガードでしたが、現代では高性能なレーダーや多数のミサイルを積むことで巨大化し、防空から潜水艦への対処まで1隻でこなせる万能艦へと進化しました。
護衛艦には目的によって様々な形があります。強力なレーダーで敵の弾道ミサイルを撃ち落とす「イージス艦」や、多数のヘリコプターを搭載できる巨大な「いずも」型などです。これらはかつての巡洋艦を凌ぐ大きさですが、大きさではなく「敵の攻撃から国や味方を守り抜く」という役割を受け継いでいるため、護衛艦と呼ばれています。
周囲を海に囲まれた日本にとって、海の安全は国の生存に直結します。多様な護衛艦がチームを組み、日本の領海や大切な海の道（シーレーン）を日夜守り抜く、海上防衛の要なのです。",3級-軍事と戦略,1,,,
KAN02,海上自衛隊の基礎,艦種の違い,海の忍者「潜水艦」,"護衛艦が海上の主役なら、海中の主役は「潜水艦」です。最大の武器である「隠密性」の理由は極めてシンプルで、レーダーなどに使われる「電波」が海中では届かないからです。ひとたび深く潜ってしまえば、どんなハイテク機器を使っても、その姿を見つけ出すことは非常に困難になります。
電波が使えない海中での戦いは「音」がすべてです。自らは徹底して音を消し、反対に相手の出す音を「ソナー」で探り当てます。海上自衛隊の潜水艦は、通常動力型としては世界トップクラスの静粛性を誇り、長期間にわたって海中に潜み、密かに警戒監視の任務を遂行し続けます。
他国からすれば「どこに日本の潜水艦が潜んでいるか分からない」こと自体が脅威であり、これが日本への接近をためらわせる強力な牽制（抑止力）となります。誰の目にも触れることなく日本の海を守り抜く、まさに現代の「海の忍者」と呼べる戦略的な存在です。",3級-軍事と戦略,1,,,
KAN03,海上自衛隊の基礎,艦種の違い,艦隊を支える多様な艦艇,"戦闘を直接担う護衛艦や潜水艦の陰で、作戦全体を支える重要な艦艇があります。代表的なのが「掃海艇（そうかいてい）」です。海に仕掛けられた爆弾である「機雷」を見つけ出し、安全な航路を切り開く危険な任務を担います。海自の機雷排除能力は、世界最高水準とされています。
また、遠方の作戦を支える「補給艦」も欠かせません。洋上で走りながら護衛艦に燃料や食料を補給し、艦隊が長期間、海にとどまることを可能にします。さらに、戦車や陸上自衛隊の隊員たちを大量に運ぶ「輸送艦」は、島嶼防衛や、大規模災害の派遣で大きな力を発揮します。
華やかな戦闘艦だけでなく、危険な機雷の排除や、燃料と物資の輸送といった地道な「後方支援」があってこそ、艦隊は初めてその力を存分に発揮できます。これらの艦艇は、作戦を成功に導く縁の下の力持ちなのです。",3級-軍事と戦略,1,,,
KAN04,海上自衛隊の基礎,艦種の違い,空から海を守る航空部隊,"海上自衛隊と聞くと船を連想しますが、実は有数の「航空部隊」を持っています。広大な海を守るには、船のレーダーだけでは限界があり、空からの「目」が不可欠だからです。その主役となるのが、海中に潜む敵の潜水艦を探し出す「哨戒機（しょうかいき）」や「哨戒ヘリコプター」です。
特に国産のP-1哨戒機は、空から音波探知機を海に投下し、見えない潜水艦を正確に追い詰める高い能力を持っています。また、海上自衛隊は戦闘機を持っていませんが、航空自衛隊との統合運用が進んでいます。
現在、最大の護衛艦「いずも」型を改修し、有事の際には航空自衛隊の最新ステルス戦闘機F-35Bを発着艦させる計画が進行中です。船と飛行機、そして海自と空自が一体となって、日本の空と海を立体的に守り抜く新時代に突入しているのです。",3級-軍事と戦略,1,,,
ORG21,海上自衛隊の基礎,海自の組織と編成,自衛艦隊と地方隊,"海上自衛隊の組織は、大きく二つの柱で成り立っています。
一つは、日本の周辺海域から海外まで広く活動する機動部隊の「自衛艦隊」です。自衛艦隊は、護衛艦、潜水艦、そして航空機を一つの指揮下におさめ、有事には最前線で作戦を遂行する海自の主力部隊となります。
もう一つの柱が、全国を5つの区域に分けて担当する「地方隊」です。横須賀、呉、佐世保、舞鶴、大湊に置かれています。地方隊が引き受けるのは、港の維持、燃料や弾薬の補給、隊員の生活支援といった「基地業務」です。2026年の改編で、艦艇はすべて自衛艦隊の指揮下に集められ、地方隊は基地としての役割に専念することになりました。
つまり、自衛艦隊という最前線で戦う巨大な「矛」を、地方隊という「土台」がしっかりと支える構造です。この二つが車の両輪として機能することで、日本の広い海を守る作戦が途切れることなく実行できるのです。",3級-軍事と戦略,1,,,
ORG22,海上自衛隊の基礎,海自の組織と編成,護衛隊群から水上戦群へ,"海上自衛隊の護衛艦部隊は、かつて「護衛艦隊」と呼ばれていましたが、2026年の再編で「水上艦隊」となりました。現在の水上艦隊では、主力となる護衛艦部隊が、第1・第2・第3の3つの「水上戦群」に整理されています。
水上戦群は、海上自衛隊の大きな戦闘チームです。ヘリコプターを運用する大型護衛艦、ミサイルや航空機に備えるイージス艦、潜水艦を探す汎用護衛艦などが組み合わされます。1隻ごとに得意分野が違うため、チームを組むことで、空・海上・海中の脅威にバランスよく対応できます。
水上艦隊は、この3つの水上戦群を中心に、必要に応じて艦艇を組み合わせながら任務にあたります。日本周辺の警戒監視、シーレーン防護、有事の海上作戦などを支える、海上自衛隊の中核的な実力部隊なのです。",3級-軍事と戦略,1,,,
ORG23,海上自衛隊の基礎,海自の組織と編成,フネの中の階層・役割,"1隻の護衛艦は、それ自体が独立した「ひとつの町」であり、精巧な組織です。トップである艦長の指揮のもと、隊員たちは専門の役割（科）に分かれています。船の進路を決め操縦する「航海科」、ミサイルやレーダーなどを扱う「砲雷科」、エンジンや発電機を動かす「機関科」などが代表的です。
また、長期間の洋上生活を支えるため、食事を作る調理員や、経理・衛生を担当する隊員も欠かせません。最新鋭のシステムを搭載した巨大な機械を動かすには、こうした各部門のプロフェッショナルたちが歯車のように完璧に噛み合う必要があります。
海の上では常に危険と隣り合わせのため、隊員たちは交代制（ワッチ）で24時間休むことなく勤務します。全員が自分の役割を確実に果たす強いチームワークがあってこそ、過酷な任務を遂行できるのです。",3級-軍事と戦略,1,,,
DEP21,海上自衛隊の基礎,国内の配備と役割,日本を守る5大基地,"海上自衛隊は、日本列島を取り囲む海を隙間なく守るため、全国に5つの主要な基地を置いています。神奈川県の「横須賀」、広島県の「呉」、長崎県の「佐世保」、京都府の「舞鶴」、青森県の「大湊」です。これらが海自の活動を支える重要な基盤となります。
なぜこの5カ所なのでしょうか。地図を見ると一目瞭然ですが、これらは東京湾や瀬戸内海への入り口、あるいは大陸と向き合う日本海や津軽海峡といった、海上交通や防衛の「急所（チョークポイント）」にあたる港町だからです。
各基地には地方隊が置かれ、港の維持や補給を担っています。艦艇の母港でもあり、護衛艦や潜水艦がここを拠点に出撃します。横須賀、呉、舞鶴には水上戦群の司令部が、佐世保には水陸両用戦機雷戦群の司令部が置かれました。この5つの拠点が全国のネットワークを結ぶことで、南北に長い日本の周辺海域を24時間体制で監視し、日本の海を守っています。",3級-軍事と戦略,1,,,
DEP22,海上自衛隊の基礎,国内の配備と役割,太平洋側の防衛線,"5大基地のうち、太平洋側に位置する「横須賀」と「呉」は、海上自衛隊の運用と後方支援を支える中核的な拠点です。どちらも天然の良港であり、古くから日本の海防を担ってきた歴史を持っています。
首都の海の玄関口である横須賀の最大の特徴は、アメリカ海軍の第7艦隊がともに拠点を置いている点です。日米の艦艇が同じ港を共有し、日常的に連携を深めることで、強固な日米同盟を象徴する、重要な基地となっています。
一方の呉は、潜水艦部隊の主力拠点であると同時に、艦艇の修理や補給、さらには隊員を育成する教育機関が集まっています。太平洋に向けて部隊を送り出し、整備や物資の面から背後でしっかりと支える、西日本の防衛の要石です。",3級-軍事と戦略,1,,,
DEP23,海上自衛隊の基礎,国内の配備と役割,日本海・東シナ海の最前線,"太平洋側とは対照的に、大陸や朝鮮半島と直接向き合う「佐世保」「舞鶴」「大湊」の各基地は、常に高い緊張感に包まれた警戒監視の最前線です。ここは他国の艦艇が太平洋へ抜けるための通り道に面しています。
特に長崎県の佐世保は、東シナ海から南西諸島にかけての防衛を担う要衝です。護衛艦や水陸両用作戦を支援する艦艇が配備されており、近年活発化する他国の海洋進出に即座に対応する西側の最前線として重要な役割を持っています。
京都府の舞鶴と青森県の大湊は、日本海や北方の海域を睨む拠点です。弾道ミサイルの警戒や、海峡を通過する他国艦艇の監視を地道に24時間体制で行っています。これら最前線の基地の着実な活動で、日本の海が守られています。",3級-軍事と戦略,1,,,
AIR01,航空自衛隊の基礎,機種の違い,空自の主役「戦闘機」,"航空自衛隊の防空作戦で、中心的な役割を担うのが戦闘機です。
かつては敵を迎え撃つ「要撃戦闘機」と、地上や海上の敵を阻止する「支援戦闘機」に分かれていましたが、2005年にその区分は廃止され、現在は多用途の戦闘機として一本化されました。
2025年3月時点の保有数は、主力のF-15Jが約200機、日米で共同開発されたF-2が約90機、最新のステルス機F-35Aが約40機などです。F-15Jは導入から40年以上がたちますが、機内システムなどの近代化改修を重ね、今も第一線の性能を保っています。
これらの戦闘機は、地上のレーダーや空中の早期警戒機と、データリンクで結ばれ一体となって働きます。日本の空を最前線で守る、防空の主役です。",3級-軍事と戦略,1,,,
AIR02,航空自衛隊の基礎,機種の違い,空を守る目「早期警戒機」,"上空から長距離レーダーで周囲を監視する航空機は、「空飛ぶレーダーサイト」と呼ばれます。地球は丸いため、地上のレーダーだけでは、地平線の向こう側や山陰などの低い空に死角が生まれてしまいます。この死角をなくし、低空から迫る脅威をいち早く見つけるのが早期警戒機の役割です。
導入のきっかけは、1976年のベレンコ中尉亡命事件でした。ソ連の戦闘機に超低空で領空へ侵入され、地上レーダーで見失った苦い経験から配備が進められました。現在はE-2Cや新型のE-2Dのほか、世界で日本だけが運用する大型の早期警戒管制機E-767を4機保有しています。
E-767は単に敵を見つけるだけでなく、機内の管制官が味方の戦闘機へ直接指示を出す「空中司令部」としても機能します。広大な空の目で異変を見逃さないよう、日夜監視を続けています。",3級-軍事と戦略,1,,,
AIR03,航空自衛隊の基礎,機種の違い,空の輸送を担う「輸送機」,"輸送機や空中給油機は、部隊や物資を運び、戦闘機の活動を支える存在です。一見地味ですが、燃料を多く使う戦闘機が遠くの海上で警戒を続けるには、空中で燃料を補給する給油機の支えが欠かせません。
空自は国産の大型輸送機C-2のほか、新型の空中給油・輸送機KC-46Aなどを運用しています。
2026年6月、防衛省は、鳥取県の美保基地に集まっていた給油機の一部を、2030年度から順次、茨城県の百里基地へ配備する計画を公表しました。太平洋側や南西地域へ、より素早く戦闘機を展開させるためです。
この配備に向けて、百里基地では滑走路を3000メートル以上に延ばす工事が計画されています。KC-46Aは、新たに導入されるステルス戦闘機F-35Bへの給油もできます。",3級-軍事と戦略,1,,,
AIR04,航空自衛隊の基礎,機種の違い,地上を守る「地対空ミサイル」,"地対空ミサイルは、戦闘機による防空網をすり抜けてきた敵の航空機やミサイルを、地上から迎え撃つ最後の盾です。
航空自衛隊が運用する「ペトリオット」は、弾道ミサイルに対処するPAC-3に加え、射程や高度を向上させた新型の導入が進んでいます。これらは、陸上自衛隊が持つ国産の中距離地対空ミサイルとデータリンクで結ばれ、一つの防空ネットワークとして機能します。大量のミサイルが飛来しても、コンピュータが瞬時に目標を割り振り、同じ相手を重ねて撃つ無駄をなくす仕組みです。
固定された陣地ではなく、すべて大型トラックで移動できる機動式なのも特徴です。指揮系統を効率化するため、2023年には従来の6個高射群から、4つの航空方面隊に合わせた4個高射群へと再編されました。",3級-軍事と戦略,1,,,
ORG41,航空自衛隊の基礎,空自の組織と編成,航空自衛隊の全体像,"航空自衛隊のすべての実戦部隊やレーダー網を一元的に指揮する最高機関が「航空総隊」です。2012年、その司令部は東京都の府中基地から、在日米軍が使う横田基地へ移転しました。北朝鮮のミサイルや中国の航空戦力に対処するため、米軍と情報を共有し、日米の意思決定を素早く合わせることが狙いです。
いま航空自衛隊は、厳しい現実に直面しています。隊員の定員は約4万7千人ですが、実際には約4万2千人にとどまります。特に最前線を担う若い「士」の階級では、必要な人数の7割ほどしか集まっておらず、人手不足が深刻です。
そのため、システムの省力化やデジタル化が急がれています。なお、司令部のある横田基地には、空自の戦闘機は1機も置かれていません。あくまで頭脳としての機能が集まっています。",3級-軍事と戦略,1,,,
ORG42,航空自衛隊の基礎,空自の組織と編成,航空方面隊という地域の守り,"日本列島は南北に長く、脅威も地域ごとに異なるため、空自は全国を4つのエリアに分けています。この地域防衛を担う実戦司令部が「航空方面隊」です。青森県の三沢に北部、埼玉県の入間に中部、福岡県の春日に西部、沖縄県の那覇に南西航空方面隊が置かれています。
2023年には、迎撃ミサイル部隊である高射群も4個に再編され、各方面隊と一対一で結びつく体制となりました。冷戦期はソ連と向き合う北部が主役でしたが、いまは緊急発進のおよそ6割を南西方面隊が占めています。日本の防衛の重心は、北から南へと移りました。
エリアは分かれていますが、縦割りではありません。特定の地域で緊張が高まれば、他の方面隊から飛行隊を速やかに応援に送る仕組みが整えられています。",3級-軍事と戦略,1,,,
ORG43,航空自衛隊の基礎,空自の組織と編成,基地と飛行隊の仕組み,"戦闘機を運用する基盤となるのが各地の基地です。戦闘機基地の主力部隊は「航空団」で、その中の飛行群に「飛行隊」が置かれます。1個飛行隊は、おおむね20機前後の戦闘機を運用する単位です。
航空自衛隊は、24時間365日、日本周辺の空を警戒監視しています。正体不明の航空機が領空に近づいたと判断されると、待機中の戦闘機が緊急発進します。これを「スクランブル」と呼びます。
飛行隊のパイロットや整備員は、交代でアラート待機に就き、基地全体として切れ目のない即応態勢を維持しています。待機要員は、滑走路に近い待機室や格納庫で、短時間で出動できる態勢を保ちます。命令が出ればただちに機体へ向かい、整備員の支援を受けて離陸します。基地・航空団・飛行隊は、日本の空を守る即応態勢を支える仕組みなのです。",3級-軍事と戦略,1,,,
DEP41,航空自衛隊の基礎,空自の配備と役割,日本の空を守る基地の配置,"戦闘機が常駐する基地の配置は均等ではなく、地政学的な脅威に直面する形で決められています。ロシアに備える北海道の千歳、最新のF-35Aが集まる青森の三沢、首都防衛の要である茨城県の百里、日本海側を広く監視する石川県の小松、九州の築城や新田原、そして中国に対する最前線となる沖縄県の那覇などです。
近年は中国軍への対応として「南西シフト」が鮮明です。かつて那覇基地の戦闘機部隊は1個飛行隊でしたが、現在はF-15Jの2個飛行隊（約40機）へと倍増されました。
これらの主要な戦闘機基地の多くは、実は民間航空機が発着する空港と滑走路を共有しています。旅客機が順番待ちをするすぐ横で、自衛隊機が緊急発進していくのです。
安全保障の最前線は、私たちの日常のすぐ隣にあります。",3級-軍事と戦略,1,,,
DEP42,航空自衛隊の基礎,空自の配備と役割,スクランブル発進という最前線,"領空侵犯のおそれがある識別不明機に対し、戦闘機を緊急発進させる任務がスクランブルです。2024年度の緊急発進は704回で、対象は中国機が約66％、ロシア機が約34％を占めました。地域別では、沖縄などを受け持つ南西航空方面隊が全体の約6割に上ります。
かつて年間1000回を超えたピーク時に比べ、回数が減った背景には、2021年ごろに導入された運用の効率化があります。急増する中国の無人機に有人機を毎回向かわせるのをやめ、警戒度の高い相手にしぼる方針へ転換しました。自衛隊の機体や隊員を疲れさせる、相手の消耗戦術への対抗策です。
発進回数は減りましたが、緊張が和らいだわけではありません。2025年12月には、中国軍機が空自機にレーダーを照射する事案も起きています。現場の緊張は、むしろ高まっています。",3級-軍事と戦略,1,,,
DEP43,航空自衛隊の基礎,空自の配備と役割,防空識別圏と領空侵犯対処,"防空の現場では、「領空」と「防空識別圏（ADIZ）」の区別が大切です。領空は日本の主権が及ぶ範囲（領土と12海里の領海の上空）で、無許可の進入は領空侵犯となります。一方、その外側に設けられた防空識別圏は、国際法上の主権は及びませんが、防空のために自衛隊機がスクランブルで接近する境界線です。
接近する機体には、まず国際緊急周波数の無線で警告します。従わない場合は、戦闘機が真横に並んで「翼を揺らす」などの合図で退去を促します。
この対領空侵犯措置は、武力の行使ではなく、秩序を守る「警察権」の行使にあたります。海における海上保安庁のような文民組織が空にはないため、航空自衛隊が「航空警察」の役割を法律で担っているのです。",3級-軍事と戦略,1,,,
CMD01,組織と指揮系統,階級と役割,自衛隊の階級ってどうなってる？,"自衛官の階級は、自衛隊法によって16に定められています。上から順に、将、将補、1佐、2佐、3佐、1尉、2尉、3尉、准尉、曹長、1曹、2曹、3曹、士長、1士、2士です。呼び名は陸・海・空で変わり、将は陸将、海将、空将となります。
ここで、一つ抜けているものに気づくでしょうか。大将も中将もありません。自衛官の最高位は、あくまで「将」です。諸外国と共同で活動するときは、将を中将、将補を少将に相当するものとして扱っています。
その呼び名を、政府はいま変える方針を固めました。幕僚長らは「大将」、1佐は「大佐」へ。ただし変わるのは3尉以上の幹部だけです。曹と士は、そのまま残ります。
反対論もあります。旧日本軍を連想させるという声。自衛隊は「軍隊」ではないという法律上の建付けと合わない、という指摘。名前をどう呼ぶかは、その組織を何と位置づけるかの問題でもあります。",3級-軍事と戦略,1,,,
CMD02,組織と指揮系統,階級と役割,幹部・曹・士の違い,"自衛隊の隊員は、大きく三つに分かれます。幹部、曹、士です。諸外国の軍隊でいえば、士官、下士官、兵にあたります。この三層は、多くの国の軍隊に共通する形です。国が違っても、軍隊という組織の骨組みはよく似ています。
3尉以上の幹部は、部隊の骨幹として指揮を執ります。士は、曹などの指揮のもとで各種の任務を直接遂行します。
幹部と士の間に立つのが曹です。一般に「専門分野における技能を有する」者とされています。それぞれの分野で技能を積み、士を現場で直接指導し、同時に幹部を補佐する。命令が実際の行動に変わる場所に、この階級が置かれています。
上から命じ、真ん中が教え、現場が行う。数の上では曹と士が定員の約8割を占めますが、この三つが噛み合ってはじめて、部隊は命令のとおりに動きます。",3級-軍事と戦略,1,,,
CMD03,組織と指揮系統,階級と役割,階級と責任の関係,"階級が上がるとき、何が変わるのでしょうか。預かる人の数が変わります。
分隊長を務めるのは曹長や1曹で、十人ほどを率います。小隊長は2尉や3尉。連隊長になると、ほとんどが1佐です。さらに上の師団長は陸将が務め、六千から九千人ほどの部隊を動かします。その師団や旅団を束ねる方面総監も、同じ陸将です。
昇任は年功だけで決まりません。階級ごとに、その階級で勤める最低限の期間が定められています。そこに昇任試験の結果や、日ごろの勤務成績が加わって、次の階級へ進むかどうかが決まります。
もう一つ、同じ階級でも役割が分かれます。部隊を率いて命じる「指揮官」と、指揮官を専門的に支える「幕僚」です。若い小隊長が、年上でベテランの曹に支えられて部隊を動かす。階級が示すのは偉さではなく、背負う責任の重さなのです。",3級-軍事と戦略,1,,,
CMD11,組織と指揮系統,指揮命令系統と統合運用,誰が自衛隊に命令するのか,"自衛隊を動かす最終的な権限は、制服を着た自衛官ではなく、選挙で選ばれた政治家にあります。自衛隊法第7条は、内閣総理大臣が内閣を代表して自衛隊の最高の指揮監督権を持つと定めています。続く第8条で、防衛大臣が隊務を統括する。これが文民統制、シビリアン・コントロールです。
命令はこう流れます。総理大臣から防衛大臣へ。大臣の指揮は統合幕僚長を通じて行われ、統合作戦司令官へ。そこから各部隊が動きます。
国会も関わります。防衛出動を命じるときは、原則として国会の事前承認が要ります。ただし、特に緊急で、事前に承認を得るいとまがないときは、承認を待たずに命じることができます。その場合も、総理大臣は直ちに国会の承認を求めなければなりません。
急ぐときは急ぐ。しかし、後から必ず国民の代表に諮る。最高指揮官である総理大臣を指名するのは国会。その国会議員を選ぶのは、私たちです。",3級-軍事と戦略,1,,,
CMD12,組織と指揮系統,指揮命令系統と統合運用,統合幕僚監部と統合作戦司令部,"統合幕僚監部は、防衛大臣を軍事の専門的な面から支える組織です。「幕僚」の幕は、幕府の幕。将のそばに仕える者を指します。トップの統合幕僚長は自衛官の最高位ですが、部隊を指揮しません。策を練り、献じる。決めて命じるのは大臣です。
ただ、ひとつ空席がありました。陸・海・空をまとめて指揮する人です。大臣の下には各自衛隊の司令官が横に並ぶだけで、統合の作戦が要るときは、その一人に兼任させていました。
不都合が二つ。大規模な災害や有事では、統合幕僚長に助言と部隊運用の両方が集中します。もう一つは米軍との関係です。米側にはインド太平洋軍という統合の司令部があるのに、向き合う相手が日本にいませんでした。
2025年3月24日、統合作戦司令部が発足しました。約240人。陸海空の部隊を平素から一元的に指揮します。統合幕僚長は、大臣を支える仕事に専念できるようになりました。",3級-軍事と戦略,1,,,
CMD13,組織と指揮系統,指揮命令系統と統合運用,方面隊・艦隊・航空方面隊という中間司令部,"部隊の数は多く、大臣や統合司令官がそのすべてを直接動かすわけにはいきません。そこで、いくつもの部隊を束ねる司令部を、間に置きます。方面隊、自衛艦隊、航空方面隊。これらが中間司令部です。
陸上自衛隊と航空自衛隊は、地域で分けています。陸の方面隊は五つ。師団や旅団に、施設団や高射特科群を加えて編成します。空の航空方面隊は四つ。戦闘機の航空団、レーダーの航空警戒管制団、地対空ミサイルの高射群を抱えています。担当する範囲を自力で守り切れるだけの部隊が、それぞれに揃っている。
海上自衛隊は違います。艦艇が動くので、地域では切れません。艦艇や哨戒機を全国から集めて機動運用する自衛艦隊と、担当区域を警備し、港や補給で艦隊を支える四つの地方隊に分かれています。
陸と空は地域で、海は役割で。中間司令部の分け方は、そのまま戦い方の違いです。",3級-軍事と戦略,1,,,
CMD14,組織と指揮系統,指揮命令系統と統合運用,陸海空が一つになる統合運用,"統合運用とは、陸上・海上・航空自衛隊を、一人の指揮官のもとで一体に動かす仕組みです。
こんな運用がなぜ必要なのでしょうか。陸自の空挺部隊は、空自の輸送機がなければ目標の上空へ行けません。海自の輸送艦がなければ、陸自の部隊は海を渡れない。組織は違っても、一緒に動かなければ作戦は成り立たないのです。
そこで、事案が起きるたびに陸海空から部隊を集め、臨時に編成するのが統合任務部隊です。最初の例は2009年のミサイル防衛で、海と空が組みました。三自衛隊すべてを組み込んだ初めての例が、2011年の東日本大震災です。
近年は宇宙・サイバー・電磁波の領域も加わり、領域横断作戦と呼ばれます。2025年に統合作戦司令部が常設されたことで、事案ごとに集める方式から、平素からの一元指揮へと軸足が移りました。",3級-軍事と戦略,1,,,
CMD21,組織と指揮系統,東日本大震災・統合運用の実際,10万人が動いた日,"2011年3月11日、東日本大震災。発災当日に動いた自衛隊員は、約8400人でした。
そこから急速に膨らみます。翌12日に約2万人。13日に約5万人。そして3月18日、10万人態勢に達しました。ピーク時の規模は、人員約10万7000人、航空機541機、艦艇59隻。原子力災害派遣を含む数字です。
当時の自衛隊の現員は約22万7000人。その半数近くが被災地に向かった計算になります。3月16日には即応予備自衛官と予備自衛官に災害招集命令が下されました。制度が始まって以来、初めてのことです。普段は民間で働く人たちが、捜索や救難、後方支援に加わっています。
半数が東北へ向かうということは、残る半数で日本の防衛を続けるということでもあります。海上自衛隊は、周辺海域の警戒監視のために艦艇の一部を災害派遣から外しました。",3級-軍事と戦略,1,,,
CMD22,組織と指揮系統,東日本大震災・統合運用の実際,陸海空が連携した救援作戦,"震災から3日後の2011年3月14日、災統合任務部隊が編成されました。
指揮官は、陸上自衛隊の東北方面総監。その指揮下に、海上自衛隊の横須賀地方総監と、航空自衛隊の航空総隊司令官が入りました。陸将の命令で、海将と空将が動く。三自衛隊すべてを一人の指揮官のもとに置いたのは、このときが初めてです。
効果はすぐに現れました。陸自のヘリコプターが空自の松島基地などを拠点に飛び、海自の艦艇が陸路の絶たれた三陸沿岸へ陸自の物資を運びます。ホバークラフトや小型舟艇を使い、孤立した島へ隊員が上陸しました。
米軍も大規模な人道支援・災害救援活動を行い、日米の共同調整所を通じて役割を分担しています。平時なら別々に動く組織が、一人の指揮官のもとで資源を融通し合う。統合運用の実効性が、初めて大規模に試された作戦でした。",3級-軍事と戦略,1,,,
CMD23,組織と指揮系統,東日本大震災・統合運用の実際,災害派遣が教えてくれたこと,"自衛隊の災害派遣は、自衛隊法第83条に定められた任務です。東日本大震災では、がれきの下や孤立地域から、1万9286人が自衛隊に救助されました。派遣は段階的に縮小され、同じ年の12月に終了します。
この大規模派遣は、統合運用の力を示す一方、指揮や調整の課題も浮かび上がらせました。震災後、防衛省は統合運用を強化し、2015年には運用企画局を廃止して、部隊運用業務を統合幕僚監部へ一元化しました。意思決定は速くなりましたが、統合幕僚監部には大臣補佐、部隊運用、関係省庁との調整など、多くの仕事が集中しました。
それでも、陸海空の部隊を平素から一元的に指揮する常設司令部はありませんでした。そこで2022年の国家防衛戦略で創設方針が決まり、2025年3月24日、統合作戦司令部が発足しました。
東日本大震災の経験は、統合運用を強化し、その限界を見直す長い組織改革の出発点となったのです。",3級-軍事と戦略,1,,,
TRN01,訓練と日常生活,日常訓練,現役は毎年受ける体力検定,"自衛官には、勤め続ける限り毎年必ず受ける体力検定があります。これは任務に必要な基礎体力を測るもので、陸上自衛隊では腕立て伏せ、腹筋、３０００メートル走の３種目が共通して実施されます。
年齢や性別によって基準は変わります。特徴的なのは、その評価の仕方です。３種目のうち、最も成績の低い種目が、そのまま全体の評価になります。どれか１つでも基準を割れば総合評価が下がり、昇任などの人事評価にもひびく仕組みです。
海上自衛隊では、水泳も必修です。落水したときの自己救命に直結するからです。基準に届かない隊員には、泳げるようになるまで続く特別な訓練が用意されています。
体力は入隊時だけの関門ではありません。在職中はずっと維持し、測られ続けるものだからこそ、隊員たちは日ごろから地道に体を鍛え、自らの職責を支えているのです。",3級-軍事と戦略,1,,,
TRN02,訓練と日常生活,日常訓練,射撃訓練——兵科によってこれだけ違う,"すべての自衛官は、少なくとも年に１回は実弾を使った射撃訓練を受けます。しかし、その訓練の頻度や量は、それぞれの（兵科）職種によって大幅に異なります。
最前線で戦闘を担う普通科の隊員は、１〜２か月に１回のペースで小銃を手にします。一方で、事務や後方支援を担当する隊員は、年１回ほどの基礎的な訓練が基本となります。また、いきなり実弾を撃つわけではなく、実弾なしの構えやシミュレーター、反動の小さい弾といった段階を必ず踏みます。
意外なことに、自衛官は競技射撃の選手ほど弾を撃ちません。しかも訓練のあとは、飛び散った薬莢を１個ずつ拾い集め、持ち出した弾の数とぴたりと合うまで照合します。数が合わなければ、何時間でも探します。
弾も薬莢も、銃刀法で厳しく管理される対象だからです。軍隊でありながら、法律に縛られる行政組織でもある。自衛隊ならではの一面が、ここにのぞきます。",3級-軍事と戦略,1,,,
TRN11,訓練と日常生活,組織的・国際的訓練,部隊演習という「擬似実戦」,"個人や小部隊の訓練を積み重ねた先に、部隊をまるごと動かす大規模な演習があります。陸上自衛隊には、この演習で「敵役」を専門に務める評価支援隊という部隊が存在します。
演習では、レーザーで命中を判定する装置を使い、勝敗を客観的に測ります。この敵役部隊はとても手強い。約４５０回の訓練で、負け判定を受けたのはただ１度だけです。２０１９年、青森の第３９普通科連隊を基幹とする部隊に敗れたときでした。強い敵役が容赦なく追い詰めるからこそ、挑む部隊に実戦の感覚が刻まれます。
かつて人気イベントだった富士総合火力演習も、２０２３年度から一般公開を正式に終了し、本来の教育演習に戻りました。演習とは、行事ではなく、厳しい模擬戦闘を通して組織の課題を浮き彫りにするための場なのです。",3級-軍事と戦略,1,,,
TRN12,訓練と日常生活,組織的・国際的訓練,キーン・ソード——日米数万人規模の共同演習,"自衛隊とアメリカ軍が実施する、最大規模の共同統合演習があります。日本側の正式名称は「日米共同統合演習」。アメリカ軍のコードネームは、「キーン・ソード」（「鋭い剣」を意味。）１９８５年に始まり、日本防衛のための日米共同対処能力を検証し、高める目的で続けられてきました。
演習の規模は年度によって変わりますが、日米合わせて数万人規模に上ります。２０２４年の演習では、日米合わせて約４万５千人が参加しました。南西諸島などを舞台に、島しょ防衛や、陸海空に宇宙・サイバーを組み合わせた作戦の手順を確かめています。近年はオーストラリアやカナダが実動部隊として加わり、欧州や韓国など多くの国がオブザーバーとして関わる、多国間の枠組みになっています。
これほど大規模な演習をいつでも行える連携力を示すこと。その姿を周囲に提示すること自体が、地域の安全を守り、侵略を未然に防ぐための強力な抑止力となっています。",3級-軍事と戦略,1,,,
TRN13,訓練と日常生活,組織的・国際的訓練,演習が変えるもの——訓練と実戦の間,"自衛隊は創設以来、対外的な戦闘をほとんど経験していません。それにもかかわらず、国内外から高い練度を持つと評価されるのはなぜでしょうか。その答えが、平時における訓練の繰り返しにあります。
災害派遣や海外でのPKOといった実任務はあっても、戦闘とは違います。だからこそ、厳しい敵役に追い詰められて教訓を学び、同盟国と演習を重ねて連携を磨く。実戦の代わりを、訓練で埋めるのです。防衛省も、日々の高い練度こそが精強さの基礎であり、抑止力の土台だと明言しています。
組織を強くする目的は、その力を使うためではなく、むしろ使わずに済ませるためにあります。相手が「攻めても勝てない」と思えば、そもそも攻めてこない。これが抑止です。
自衛隊は、戦わない日々を訓練という備えで埋めています。戦わないために、戦いに備え続ける。その積み重ねが、静かに国を守っています。",3級-軍事と戦略,1,,,
LIFE01,訓練と日常生活,隊員の日常生活,自衛隊の一日——6時起床から22時消灯まで,"駐屯地や基地の敷地内で暮らす自衛官の一日は、規則によって細かく定められています。標準的な陸上勤務の場合、その始まりを告げるのは朝６時の起床ラッパです。
起床後はすぐに点呼や清掃を済ませ、午前８時１５分ごろから勤務時間が始まります。この勤務時間を「課業」と呼びます。訓練や各種の業務にあたり、夕方に課業を終える。食事は営内で支給されます。そして夜の点呼を経て、２２時の消灯ラッパで一斉に灯りが消えます。始まりも終わりも、ラッパが告げるのです。
一方で、海上自衛隊の艦艇勤務になると世界は一変します。航海中の艦は、２４時間ずっと止まれません。乗員は組に分かれ、数時間ごとに交代する当直（ワッチ）で、昼も夜も船の見張りと操作を受け持ちます。陸のように、全員そろって消灯する時間はありません。",3級-軍事と戦略,1,,,
LIFE02,訓練と日常生活,隊員の日常生活,海自カレーと空自空上げ——食から見る自衛隊,"自衛隊の食事には、部隊の任務や歴史を映し出す独特の文化があります。その代表例が、海上自衛隊のカレーと、航空自衛隊の「空上げ（からあげ）」です。
海自のカレーは、金曜日に食べられます。長い航海のなか、変わらない景色の中で曜日の感覚を失わないため、といわれます。海軍の時代から百年以上、受け継がれてきた伝統です。これに対し空自の空上げは、２０１６年度に食育や広報のために生まれた新しい文化です。各基地がご当地食材を使って味を競い、上を目指すという意味を名前に込めています。
また、演習などで食べる戦闘糧食の形も異なります。陸上自衛隊は、かさばる缶詰をやめ、軽いレトルトパウチに切り替えました。一方で海上と航空の自衛隊は、いまも缶詰を使い続けています。艦や基地では、頑丈さと長期保存のほうが利点になるからです。食のスタイルにも、それぞれの個性があるのです。",3級-軍事と戦略,1,,,
LIFE03,訓練と日常生活,隊員の日常生活,個室化と制服のアイロン——変わる自衛隊の日常,"自衛官たちが暮らす隊舎の生活環境は、いま大きな変化を迎えています。かつて主流だった複数人での相部屋から、個人のプライバシーに配慮した個室への改修が全国で進みつつあるのです。
背景にあるのは、募集環境の厳しさへの対応と、離職を防ぐ狙いです。新しい基準では、一部屋に約９畳の広さが確保されます。内装に木を使い、居室にWi-Fiを整える。暮らしやすさを高める工夫が、次々と取り入れられています。
部屋が個室へと変わる一方で、昔から変わらない日常もあります。夕方に課業を終えた後は、自由時間とされています。しかし隊員たちは、翌日に備えて制服にアイロンをあて、装備を手入れし、夜の点呼の準備に追われます。生活空間が新しくなっても、自己管理と規律を重んじる団体生活の基本は変わりません。",3級-軍事と戦略,1,,,
EQU01,戦士と実戦,戦場の現実,ノルマンディ——最後に着いた舟艇,"1944年6月6日、仏北部のノルマンディ海岸に、米英を中心とする連合軍が上陸します。史上最大の上陸作戦で、その日だけで約十六万人、最終的には二百万人を超える兵が海と空から攻め込みました。上陸地点で最も被害が大きかったのがオマハ海岸です。崖の上のコンクリート陣地から、ドイツ軍が機関銃を据えて砂浜を見下ろしていました。その第一波を任されたのが、ナンス中尉のA中隊です。中隊にはバージニアの小さな町の若者が多く、彼らを鍛えてきたのがナンス自身でした。
ナンスの舟艇は、中隊で最後に浜へ着きました。機関銃が海岸を横薙ぎに掃射するなか、水から上がると、前にも後ろにも誰もいない。撃たれた足を引きずって砂を這うと、見えてきたのは、同じ町で育ち、我先に第一波を志願した仲間たちの遺体でした。
A中隊は上陸から十五分ほどで戦う力を失います。二百人ほどの中隊で、無事だった者はわずか。同じ町の若者のうち、十九人がその日のうちに戦死しました。
それでも上陸は成り、この海岸は連合軍が大陸へ攻め込む足がかりになりました。　出典：『The Bedford Boys』ほか",3級-軍事と戦略,1,,,
EQU02,戦士と実戦,戦場の現実,ベトナム——見えない敵との戦い,"1960年代、ベトナムは南北に分かれて戦っていました。北は共産主義、南はアメリカが支える政府。冷戦下の代理戦争です。アメリカは南を助けるため、ピーク時に五十万を超える大軍を送り込みました。
だが、敵は正面から戦いません。ベトコンというゲリラは軍服を着ず、昼は農民、夜は戦闘員として村に紛れます。前線はなく、撃ち合う敵の姿もない。海兵隊員スタインバッハーは、高校を出たての新兵として、パトロールの先頭を歩く「ポイントマン」を務めました。
先頭の仕事は、敵を見つけることより、地面を読むことです。踏めば腰まで跳ね上がって破裂する地雷。小道に張られた細い針金。罠の在りかを仲間に知らせるベトコンの目印。それを一歩ごとに探して進む。敵の姿は、ほとんど見えません。
兵士を倒したのは、撃ち合いよりも地雷や仕掛け爆弾でした。米兵の死傷のかなりが、姿なき敵の埋めた罠によるものです。世界最強の火力も、どこにもいて、どこにもいない敵は倒せませんでした。
出典：回想録『Point Man Up』ほか",3級-軍事と戦略,1,,,
EQU03,戦士と実戦,戦場の現実,アフガン——最強軍隊が勝てなかった戦争,"2001年、アメリカは同時多発テロの報復に、犯行組織をかくまうアフガニスタンへ攻め込みました。政権はすぐ倒れます。だが戦いは終わらない。2009年、オバマ大統領は三万を増派し、タリバンの本拠地へ兵を送りました。任務は掃討と、地域の立て直し。
送られた先の一つが、南部のサングィン。ボーリンガー上等兵の小隊は大半が十九、二十歳。七か月の任期のなかばで、半数が死傷していました。彼はこの土地を「ベトナムとカンザスを混ぜたような場所」と呼びます。のどかなトウモロコシ畑が続くカンザスの田舎に、地雷原のなかの撃ち合いを持ち込んだような——そういう土地でした。
村を掃討しても、基地に帰ればその夜にはタリバンが戻る。押さえたはずの土地は、押さえられていない。畑の農民は、自国の大統領の名も、兵士がどこの国から来たのかも知りません。ただ、戦場にされた土地から早く出ていってほしいと願うだけでした。
世界最強の軍隊が、空も火力も握っていた。それでも土地も人も握れない。二十年戦って、2021年、アメリカは去り、タリバンが戻りました。撃ち合いに勝てても、勝てない戦争があります。",3級-軍事と戦略,1,,,
SUP01,戦士と実戦,PKO・災害派遣,イラク派兵——戦士として初めて立った地,"2003年のイラク戦争のあと、日本はイラク南部のサマーワへ自衛隊を送りました。特別措置法にもとづく、非戦闘地域での人道復興支援です。給水、医療、学校や道路の補修。自衛隊が創設以来はじめて、戦火の及びうる場所へ本格的な部隊を送った派遣でした。
最初にこの現場を築いたのが、第一次復興支援群を率いた番匠幸一郎群長です。約六百人が砂漠に宿営地を構え、以後、部隊は交代しながら2年半活動を続けます。携えた武器は、拳銃や小銃、重機関銃まで。目の前の相手を防ぐための、近くにしか届かないものでした。
ところが2004年4月以降、宿営地は迫撃砲やロケット弾の攻撃を受けます。撃ってくるのは、五キロ以上離れた場所から。自衛隊の武器では届きません。撃ち返す手立てはなく、できるのは、宿舎を砲弾の通らないコンクリートで固めて備えることだけでした。
攻撃は、2年半で十三回、二十二発。その多くは宿営地の外や近くに落ち、隊員に当たった砲弾は一発もありませんでした。撃ち返す相手も届く武器もないまま、飛んでくる砲弾の前に立ち続けた——それが、サマーワの日々でした。",3級-軍事と戦略,1,,,
SUP02,戦士と実戦,PKO・災害派遣,東日本大震災——現場の隊員が見たもの,"2011年3月11日、東日本大震災。宮城県多賀城市にあった陸上自衛隊・第22普通科連隊の駐屯地も、津波で三分の一が浸水し、隊員一人が呑まれて亡くなりました。部隊そのものが、被災者でした。
それでも連隊は、その日のうちに動きます。泥水が引かない夜から、國友昭連隊長は「迷えば人が死ぬ」と、家族の安否も知れぬ隊員を送り出しました。津波に囲まれて孤立した人が、大勢いました。隊員は歩いて、あるいはボートで近づき、瓦礫を分けて、一人ずつ運び出します。九百五十人ほどの連隊が、四千七百人あまりを助け出しました。
現場には、もう一つの任務がありました。瓦礫と泥の中から、ご遺体を一体ずつ捜し、収容する。重機の入らない場所は、手で瓦礫をかき分けます。見つけた亡骸には、手を合わせてから運びました。まだ十代、二十代の隊員も多く、遺体を前に涙を流しながら作業する者もいました。
連隊長は、遺族への報告など最もつらい役目を、若い部下に負わせず、自分たち幹部で引き受けました。百四十四日間で、この連隊が収容したご遺体は、四百五十体にのぼります。
出典：國友昭氏の手記、など。",3級-軍事と戦略,1,,,
SUP03,戦士と実戦,PKO・災害派遣,南スーダンPKO——「戦闘」と呼べなかった日,"南スーダンは、2011年に独立したばかりの、アフリカで最も新しい国です。自衛隊は2012年から、この国の復興を助けるため、国連のPKOに施設部隊を送りました。道路を直し、避難所をつくる。武器を持たない施設隊、すなわち工兵の仕事です。
ところが2016年7月、首都ジュバで、政府軍と反政府勢力の大規模な戦闘が起こります。第10次派遣施設隊——中力修隊長のもと、約三百五十人が現地にいました。宿営地のすぐそば、二百メートル先に砲弾が落ち、流れ弾が敷地内に飛び込みます。近くで警戒していた中国のPKO部隊が襲われ、隊員二人が亡くなりました。
自衛隊員に、けが人は出ませんでした。道路の作業はやめ、防護壁の陰やコンテナに身を寄せて、事態が収まるのを待つ。撃ち返す任務ではありません。ただ、耐えるしかありませんでした。
現場が書いた記録には、「戦闘が生起」とありました。しかし日本の政府は、これを「戦闘」ではなく「衝突」と呼びました。「戦闘」と認めれば、PKOを続けるための条件が崩れてしまう。だから、そう呼べなかったのです。　出典：派遣施設隊の記録、政府答弁ほか",3級-軍事と戦略,1,,,
WAR01,戦士と実戦,訓練と覚悟,訓練は何のためにあるか,"自衛隊の一日は訓練が中心です。朝から夕方までの勤務——課業と呼びます——の多くを、射撃や戦闘、体力練成にあてる。それを日々繰り返し、中隊、連隊、大規模な演習へと積み上げます。実戦がないのに、なぜここまで鍛えるのでしょうか。
軍隊の目的は、戦争に勝つ前に、戦争を起こさせないことにあります。攻めても敵わないと相手に思わせる強さがあれば、相手は手を出すのをためらう。これを抑止力と呼びます。そして、その強さを保持するには訓練が不可欠です。
鍛え抜かれた練度があってこそ、侵略を思いとどまらせる力になる。訓練は、抑止の土台なのです。
もう一つ。有事や災害の現場は初めてのことばかりで、訓練どおりには進みません。それでも動けるのは、日頃の厳しい鍛錬で培った気力と体力があるからです。余裕があれば、初めての事態にも冷静に対応できる。自分の装備を担ぐだけで精一杯の者に、誰かを救う余裕はありません。
だから鍛えるのです。訓練は、使わずに済むのが一番いい備え。それでも、いざという日に動けるだけの余力を、毎日つくり続けているのです。",3級-軍事と戦略,1,,,
WAR02,戦士と実戦,訓練と覚悟,志願——なぜ前線に行くのか,"自衛隊は徴兵ではありません。全員が、自ら志願して入った人たちです。ただ入ったあとの配属は、命令で決まります。行き先は選べません。そこは辞令で全国を転勤する会社員と、実はよく似ています。
けれど、その命令の組織は、随所で隊員の志願に支えられています。より危険で過酷な任務ほど、手を挙げた者に託されるのです。
空挺団や特殊作戦群といった精鋭部隊は、志願した者だけが厳しい選抜に挑み、常に危険と隣り合わせの場所に身を置きます。海外派遣も同じでした。イラクへの派遣命令は師団に下りました。しかしその部隊を誰で編成するかは、指定された師団の中から、本人の意思と家族の事情を確かめて選ばれた。断ろうと思えば、手を挙げなければよかった。それでも手を挙げた隊員が、砲弾の飛ぶサマーワへ行ったのです。
自衛隊は命令で動く組織ですが、その組織を、志願する意思が支えています。",3級-軍事と戦略,1,,,
WAR03,戦士と実戦,訓練と覚悟,使命感——自衛官が背負うもの,"自衛官は、入隊するとき、全員が「服務の宣誓」という文書に署名します。
「私は、我が国の平和と独立を守る自衛隊の使命を自覚し、日本国憲法及び法令を遵守し、一致団結、厳正な規律を保持し、常に徳操を養い、人格を尊重し、心身を鍛え、技能を磨き、政治的活動に関与せず、強い責任感をもつて専心職務の遂行に当たり、事に臨んでは危険を顧みず、身をもつて責務の完遂に務め、もつて国民の負託にこたえることを誓います。」
目を引くのは、後半の一節です。「事に臨んでは危険を顧みず、身をもつて責務の完遂に務め」。危険を前にしても引かない、と誓う。危険を伴うほかの公務員の宣誓にも、ここまで自らの危険を明記した言葉は、ほとんど見られません。
そして、この誓いは言葉だけではありません。戦争のない時代でも、訓練や災害派遣で命を落とした隊員は、これまでに二千人を超えます。使命感とは、掲げる言葉であると同時に、実際に背負われてきた事実なのです。",3級-軍事と戦略,1,,,
JPNDF01,日本周辺の軍事情勢,概論,日本周辺の環境はどう変わったか,"かつて日本は、最前線にいながら軍事的に大きな脅威を感じずにいられました。冷戦期です。米ソが核で均衡を保っていました。そして中国は、まだ工業生産力に乏しい国でした。経済力も軍事力も、日本や米国に遠く及びません。日本はアメリカの軍事力に守られ、経済は圧倒的に強かった。
その差が変化します。中国は1980年代に工業化へ乗り出しました。まず経済が伸び、それを追って軍事力が育ちます。2000年からの十年ほどで、経済の規模も軍事費も日本を追い抜きました。いまでは経済規模で四倍あまり、軍事費で五倍ほどの差です。
しかも中国は、この歩みを「中華民族の偉大な復興」と呼びます。かつての大国の地位を取り戻す、という構想です。その一歩として、台湾の統一を公言しています。
日本が大陸の東の縁の島国であることは、昔も今も変わりません。動いたのは、経済力と軍事力の差でした。周辺の緊張はたまたまの現象ではなく、力の変化がもたらした現実の反映なのです。",3級-軍事と戦略,1,,,
JPNDF02,日本周辺の軍事情勢,概論,抑止力とは何か——日本の安全を支える論理,"いまの日本の周りには、自由主義の陣営と対立するとみられる中国・ロシア・北朝鮮があります。力関係が大きく変化するなか、日本の安全はどう守られているのか。考えてみましょう。
鍵は、抑止という考え方です。英語でdeterrence、相手を思いとどまらせる、という意味です。強い力を持ち、攻めれば手ひどい反撃を受けると分からせる。相手に「割に合わない」と思わせ、攻撃をあきらめさせる。戦って勝つのではなく、戦わせない。これが抑止です。
日本はこれを、二つの力で組み立てます。自前の防衛力と、日米同盟です。自衛隊は手ごわいぞ、アメリカも本気で日本を守るぞ。相手がそう思えば、手は出しません。さらに同盟には核による反撃も含みます。「核の傘」です。
そして抑止は軍事だけではありません。攻めれば世界から非難され、経済制裁も受けます。さらに効くのが、日本経済の地力です。経済関係を切りたくない相手ほど、攻めにくい。失うものが大きいからです。
しかし抑止は、相手が「それがどうした」と開き直れば、その実効性が本当に試される。それを忘れてはいけません。",3級-軍事と戦略,1,,,
JPNDF11,日本周辺の軍事情勢,周辺各国と諸問題,「中華民族の偉大な復興」とは何か,"中国は「中華民族の偉大な復興」を掲げています。何からの復興でしょうか。習近平総書記は、五千年の文明を築いた中華民族が、近代以降に辛酸をなめた、と語ります。アヘン戦争に始まる「百年国恥」です。海から来た列強に踏みにじられた時代から、強国として立ち上がる。これが「復興」の意味です。
この目標は習近平氏の思いつきではありません。2002年の党大会で、すでに国全体の目標として採択されています。以来、党の方針として引き継がれてきました。
中身も公言されています。建国百年の2049年までに社会主義現代化強国を実現する。軍はさらに具体的で、2027年の人民解放軍創設百年までに近代化を加速し、2049年に「世界一流の軍隊」を建設する。台湾の統一も、党大会報告に明記されています。
一流の軍隊とは、誰と並ぶ軍隊でしょうか。
中国はアメリカに、対等な「新型大国関係」を呼びかけてきました。2013年、習近平は米大統領に「広い太平洋には米中両大国を受け入れる十分な空間がある」と語り、さらに翌年の米中対話でも同じ言葉を繰り返しています。一方で、覇権は求めない、とも言います。ただし、復興した中国が東アジアでどのような位置に立つつもりなのか。そこは語られていません。",3級-軍事と戦略,1,,,
JPNDF12,日本周辺の軍事情勢,周辺各国と諸問題,台湾問題——終わっていない内戦,"中国が台湾を「統一」する、と言うのは、なぜでしょうか。
外国を攻めるなら「併合」のはずです。答えは、内戦が終わっていないからです。1949年、共産党に敗れた国民党政府は台湾へ逃れました。大陸には中華人民共和国ができます。長く双方が「中国は一つ」と主張してきました。中国から見れば、台湾は外国ではない。内戦の最後のピースなのです。
だから中国は、これを内政問題と呼び、他国の干渉を拒みます。武力の行使も放棄していません。
しかし台湾は変わりました。民主化し、総統を選挙で選びます。台湾で生まれ育った世代には、いまの自由な社会を守りたいという意識が強い。時間は中国に味方していません。
台湾は地図の上でも要です。日本から沖縄、台湾、フィリピンへと連なる線の中央にあります。ここが中国の手に渡れば、中国海軍は太平洋へ自由に出られます。しかも台湾は同じ自由主義陣営にあり、世界でも有数の親日的な社会です。台湾は、中国だけの問題ではないのです。",3級-軍事と戦略,1,,,
JPNDF13,日本周辺の軍事情勢,周辺各国と諸問題,北朝鮮はなぜミサイルを撃つのか,"北朝鮮は、三代続く独裁国家です。国民は自由な言論も移動も許されず、飢えで多くが死にました。日本人を拉致し、いまも返しません。その一方で独裁者は、核とミサイルに国の資源を注ぎ込みます。核実験は六回、国連の制裁も無視し続けています。
彼らが守っているのは国ではなく、体制です。イラクのフセインは核を持たずに攻め込まれ、リビアのカダフィは核開発を放棄したあとに倒されました。核だけが外から攻められない保証になる。彼らはそう考えた。
通常の戦力では勝負になりません。戦闘機は旧ソ連製が主力で燃料も足りず、経済規模は韓国の数十分の一です。だから核とミサイルに、すべてを賭けました。頻繁に撃つのもそのためです。撃たなければ精度は上がらず、相手への威嚇になりません。
日本にとって、目の前の危機です。北朝鮮のミサイルは日本全土を射程に収め、核を載せる能力も、すでに備えたでしょう。
それでもこの国は倒れない。中国は貿易の九割を引き受け、制裁にも拒否権を使います。韓国も、統一にかかる莫大な費用を恐れます。この国が消えることを本気で望む国は、実は少ないのかもしれません。",3級-軍事と戦略,1,,,
JPNDF14,日本周辺の軍事情勢,周辺各国と諸問題,ロシアと日本——変わらない地政学,"ロシアは日本の隣国です。宗谷海峡を挟んで、目と鼻の先。
そして日本は、この国と領土問題を抱えています。北方領土は七十年以上、戻っていません。
いま、ロシアが日本の領土を狙う気配はありません。極東の通常戦力は薄く、ウクライナで消耗しています。しかし別の変化が起きました。ロシアは戦争のなかで、北朝鮮から砲弾と兵員を受け取り、中国から経済の支えを得ました。この両国との結びつきは、かつてなく強い。中露の爆撃機は日本周辺を共同で飛び、艦艇は日本列島を回りました。日本は、連携する三国に囲まれつつあります。
北方領土が動かない大きな理由も見ておきましょう。ロシアの核戦力の柱のひとつが潜水艦です。海の底に潜んでいれば、先に攻撃されても撃ち返せる。その原潜の母港が、カムチャツカ半島のヴィリュチンスク。潜む海がオホーツク海です。千島列島とサハリンに囲まれた、閉ざされた海。ここを要塞にして原潜を守ります。千島列島と北方領土には、他国の艦艇を近づけないためのミサイルが配備されました。
北方領土は、ロシアの核戦略に組み込まれているのです。",3級-軍事と戦略,1,,,
JPNDF15,日本周辺の軍事情勢,周辺各国と諸問題,尖閣・竹島・北方領土,"日本は三つの領土問題を抱えています。
北方領土は、日本が第二次大戦で降伏を表明した後に、ソ連軍が上陸し、占領しました。島民一万七千人が追われます。
日本はサンフランシスコ平和条約で、千島列島を放棄しましたが、江戸時代から日本領だった四島はその範囲に含まれない、と主張しています。返還を求めて七十年以上、島は戻りません。
竹島は1952年、韓国が海に一方的な線を引いて囲い込みました。日本がなお占領下にあり、主権回復する三か月前です。以後十三年で、日本漁船三百二十八隻が拿捕されました。韓国はいま警備隊を常駐させています。日本は国際司法裁判所での解決を三度提案し、韓国はいずれも拒みました。
尖閣諸島は、かろうじて日本の領土です。無人島で、日本人の上陸も政府が禁じています。守るのは海上保安庁の巡視船だけ。中国と台湾が領有を主張し始めたのは、1968年に海底資源の可能性が報じられた後でした。いま中国海警局の船が、周辺をほぼ毎日航行しています。
領土問題は、話し合いだけでは動きません。三つとも、力によって現状が変えられてきました。二つは日本に力のない時期に状況が変更され、残る一つは、海の上で毎日、守る意思と実力が試されています。",3級-軍事と戦略,1,,,
WLDDF01,世界の軍事情勢,概論,戦争はなぜ終わらないのか,"1991年、ソ連が崩壊しました。アメリカと肩を並べる国は消えます。冷戦が終わったのだから、戦争は減っていく。多くの人がそう考えました。
その前年、イラクがクウェートに侵攻し、多国籍軍がこれを追い出しました。世界がまとまれば戦争は止められる。そう見えました。だがその成功が逆の作用を生みます。
アメリカはアフガニスタンとイラクに攻め込み、政権を倒しました。しかし、倒したあとの建設ができませんでした。内戦が起き、数十万人が死に、過激派組織ISが生まれます。アメリカ国内に、もう他国に関わりたくないという声が広がりました。
その間にロシアは立ち直ります。プーチンのもとで経済が回復し、軍を建て直し、外へ出ました。ジョージア、クリミア、シリア。そして2022年、ウクライナへ。
中国は世界第二の軍事大国となり、台湾の統一を公言しています。
中東では、イスラエルとイスラム勢力の戦いが続いています。2023年にガザで戦闘が始まり、2026年にはアメリカとイスラエルがイランを攻撃しました。イランの最高指導者は殺されました。関わりたくないはずのアメリカが、また中東で戦っています。
戦火は、収まる気配を見せていません。",3級-軍事と戦略,1,,,
WLDDF02,世界の軍事情勢,概論,軍事費で見る世界——1990年と現在,"冷戦が終わったころ、アメリカとソ連の二か国だけで、世界の軍事費の半分以上を使っていました。
やがてソ連が消えます。世界は軍を減らしました。2000年の欄を見てください。世界全体が、10年前より減っています。
ところが、そこから増え続けます。2010年、世界の軍事費は倍以上にふくらみました。アメリカがアフガニスタンとイラクで戦っていたころです。世界の軍事費のおよそ45パーセントを、アメリカ一国が使っていました。一極とは、こういう状態を言うのでしょう。
そのあと伸びたのは中国でした。1990年に日本より少なかった国が、いまは5倍を超えます。31年間、一度も減らしていません。
そして2025年。ロシアの侵攻を見たヨーロッパが、慌てて増やしはじめます。アメリカを除いたNATOは、5年で2倍近くになりました。アメリカの割合は33パーセントまで落ちています。減らしたからではありません。ほかが増えたからです。",3級-軍事と戦略,1,,,
WLDDF11,世界の軍事情勢,主要国と紛争地域,アメリカ——世界に軍を置く国,"アメリカは、世界のあちこちに軍を送っています。海外にいる兵は17万人。基地は750を超え、80か国以上に散らばっています。イギリス、フランス、ロシア、中国の海外拠点を全部合わせても、50に届きません。こんなことをやっている国は、アメリカだけです。
最も多いのは日本で、5万4千人。次がドイツで3万5千人、韓国が2万3千人と続きます。地域で見ると、インド太平洋に7万7千人、ヨーロッパに5万8千人。あれだけ戦った中東には、いま5千人しかいません。
海軍は世界の海を番号で分けています。第5艦隊が中東、第6艦隊が地中海、第7艦隊がインド太平洋。外国に母港を置く空母は一隻だけで、それは横須賀にいます。基地の維持費だけで、年に700億ドル。日本の防衛費より多い額です。
アメリカ人の多くは、他国のために戦うことを望んでおらず、世論調査でも、そう出ます。それでも、この配置は基本的に三十年変わっていません。",3級-軍事と戦略,1,,,
WLDDF12,世界の軍事情勢,主要国と紛争地域,NATO——同盟という仕組み,"北大西洋条約機構、略してNATO。1949年、ソ連に対抗するために作られた、西側諸国の軍事同盟です。冷戦期には16か国。ソ連の崩壊後、東欧諸国を中心に加盟が増え、いまは32か国です。
本部はブリュッセル。司令部はありますがNATO軍という常設の軍隊はほとんどありません。部隊は各国のもの。最高司令官は、代々アメリカの軍人が務めます。加盟国の軍事費を合わせると、その6割はアメリカが占めています。
北大西洋条約で規定された同盟ですが核心は第5条です。
「一国への武力攻撃は、全員への攻撃とみなす」
攻撃されれば自動的にNATO全体が反撃すると理解されがちですが、続く条文は、各国が必要と認める行動をとる、としています。参戦は自動的な義務ではありません。
第5条が発動されたのは、これまでに一度だけ。2001年の同時多発テロでアメリカが攻撃されたときでした。
ウクライナ戦争では、ウクライナのNATO加盟が大きなテーマになりました。",3級-軍事と戦略,1,,,
WLDDF13,世界の軍事情勢,主要国と紛争地域,ウクライナ——ヨーロッパで起きている戦争,"この地図を見てください。ウクライナは、ヨーロッパとロシアのあいだに広がる平原です。高い山も、深い海もありません。守るための地形がないのです。
ヒトラーは1941年、ここへ攻め込みました。モスクワの攻略を止めてまで、兵を南へ回します。狙いは穀物と石炭でした。世界有数の穀倉地帯であり、石炭と鉄の産地です。そして黒海への出口。クリミア半島のセヴァストポリは、ロシア黒海艦隊の母港です。ここを失えば、ロシアは地中海へ出られません。2014年、ロシアが最初に奪ったのが、このクリミアでした。
この土地を持つロシアと、持たないロシアは、別の国になります。地図の上の位置が国の運命を左右する。この見方を地政学と呼びます。
2022年、ロシアは国際法を破って侵攻しました。ロシアの言い分では、この土地をNATOに渡すわけにはいかない、ということでしょう。
四年半が過ぎ、前線はほとんど動いていません。",3級-軍事と戦略,1,,,
WLDDF14,世界の軍事情勢,主要国と紛争地域,中東——戦火が絶えない土地,"日本人に中東問題は分かりにくいですね。なぜか。宗教、民族、歴史が、からみ合っているからです。
まず宗教。ユダヤ教、キリスト教、イスラム教は、もとは同じ神を信じる兄弟宗教です。だから聖地も同じ、エルサレム。近いからこそ、譲れない。イスラム教も、預言者の後継者をめぐって、千三百年前、ムハンマドの死のすぐあとにスンニ派とシーア派に分かれました。いまサウジアラビアがスンニ派、イランがシーア派の代表です。
つぎに民族。アラブ人、ペルシャ人、トルコ人。三つとも、かつて大帝国を築きました。イランはアラブではありません。ペルシャです。そしてクルド人は、三千万人を超えながら、一度も自分の国を持ったことがありません。
さらに歴史。オスマン帝国が倒れると、イギリスが入り込みます。民族も宗派も無視して国境を引き、ユダヤ人には建国を約束し、そして投げ出しました。
いまはアメリカです。石油のためにサウジと組み、イスラエルを支えています。ガザの戦闘は2023年から続き、2026年にはアメリカとイスラエルがイランを攻撃しました。
戦火の行方は、予断を許しません。",3級-軍事と戦略,1,,,
WLDDF15,世界の軍事情勢,主要国と紛争地域,東アジア——アメリカは台湾にどこまで関わるか,"アメリカは日本に5万4千人、韓国に2万3千人の兵を置いています。どちらの国とも安全保障条約を結んでいます。
台湾との間には、条約がありません。1979年、アメリカは中国と国交を結び、台湾と断交しました。防衛条約も破棄しています。米軍も駐留していません。
代わりにあるのが、台湾関係法です。これは2国間の条約ではなく、アメリカの国内法。
「台湾の将来を平和的でない手段で決めようとする試みは、西太平洋への脅威とみなす」、としています。さらに、「防衛のための武器を売る」、そう書いてあります。しかし守る、とは書いてありません。
何をするかは、そのときの大統領と議会が決めます。
アメリカ人に、台湾のために軍を送るかと聞くアンケートがあります。1982年、賛成は19パーセント。いまは43パーセントです。それでも反対が51パーセントで賛成を上回ります。
台湾の人の76パーセントは、アメリカに守ると約束してほしいと答えます。しかし、約束すべきだと答えるアメリカ人は、38パーセントです。
いかにアメリカを本気にさせるかが台湾のテーマ。逆に、本気にさせないのが中国のテーマかもしれません。",3級-軍事と戦略,1,,,
ARM01,自衛隊の武器・兵器,陸自装備,10式戦車——日本最新鋭の主力戦車,"10式戦車。（ヒトマル式戦車）
重さ44トン。世界の主力戦車が60トンを超えるなか、20トンほど軽い。日本の道路と橋に合わせたからです。運ぶときは装甲を外して40トン、戦うときは足して48トンまで増やせます。
軽くても、火力は世界と同じ120ミリ砲です。乗員は3名。日本の戦車で初めて、車どうしが情報をやりとりし、敵の位置を共有します。後ろへも前と同じ70キロで走れる。撃って、下がって、また撃つ。そういう戦い方のための戦車です。
弱点もあります。装甲の厚さは重さに比例します。60トン級と正面から撃ち合えば、不利は否めません。
冷戦のさなか、日本に戦車は1,200両ありました。ソ連軍が北海道へ上陸してくる、という前提です。ソ連が消えると、定数は削られ続け、2013年に300両。北海道と九州以外の戦車部隊は廃止されました。いま本州にあるのは、教育のための一個連隊だけです。
政府の防衛大綱には、こうあります。「大規模な陸上兵力による着上陸侵攻への備えを、効率化・合理化する。」
大軍が上陸してくることはない、という判断でしょう。",3級-軍事と戦略,1,,,
ARM02,自衛隊の武器・兵器,陸自装備,装甲車両——機動力の核心,"16式機動戦闘車。（略称はMCV）8輪の装甲車に砲塔をつけ、大砲を載せています。全長8.5メートル、重さ26トン、乗員4名。戦車の半分ほどの重さです。
主砲は105ミリ。かつての74式戦車と口径は同じです。タイヤは、撃たれても中に芯が入っていて、空気が抜けても走り続けられます。最高速度は時速100キロを超えます。
戦車のキャタピラと違い、高速道路を自分で走って現場へ向かえます。運搬車に載せる必要がなく、C-2輸送機にも積めます。
ただし、戦車ではありません。装甲は薄く、戦車と正面から撃ち合えば勝てません。タイヤなので、ぬかるみや田んぼでは動けません。防衛省も、戦車の定数には数えていません。
戦車を300両まで減らし、代わりにこの車を全国へ置く。そう決めたのは2013年です。いま255両。戦車とほぼ同じ数が、北海道から沖縄まで配備されています。
予算は限られ、大軍が上陸してくる事態も考えにくい。ならば、重い戦車より、早く動ける車を選ぶ。そういう判断でしょう。",3級-軍事と戦略,1,,,
ARM03,自衛隊の武器・兵器,陸自装備,火砲と自走砲——陸の長距離打撃力,"19式装輪自走155ミリりゅう弾砲。8輪のトラックに、長い砲を載せた車です。重さ25トン。乗員5名。
りゅう弾とは、破裂弾のこと。「砲」とは大砲のことですが、戦車のように相手へ直線的には撃ちません。上空へ放物線を描くように撃ちます。射程は30キロ。戦車より圧倒的に遠くまで届きます。
そのかわり、撃つ側は敵が見えません。前線から敵の位置が伝えられ、後方の砲が角度を計算して撃つ。当たったかどうかも、前から知らされます。これを間接照準といいます。その「目」は、近年、無人機へ置き換わりつつあります。
陸上自衛隊には、「歩・戦・砲」という言葉があります。小銃が届くのは数百メートル。戦車の砲は二、三キロ。砲は30キロ。歩兵が進み、戦車が突破し、砲が後ろから支える。この組み合わせが戦闘力を決めます。
そして、撃ったら逃げます。相手のレーダーが弾の軌道を逆算し、居場所を突き止めるからです。19式は陣地に着いて1分で撃ち、すぐ走り出せます。装甲はありません。守るのではなく、すぐ移動するのです。",3級-軍事と戦略,1,,,
ARM04,自衛隊の武器・兵器,陸自装備,陸自の航空戦力——ヘリと無人機,"いま、陸上自衛隊の攻撃ヘリコプター部隊が、なくなろうとしています。アパッチは62機を買う予定でしたが、メーカーが生産を止め、13機で打ち切り。もう一つのコブラは1980年代の機体で、寿命が来ています。2022年、政府は将来の部隊全廃を決めました。
代わりは無人機です。
頼りないと思われるかもしれません。しかしウクライナでは、数万円の無人機が戦車を壊しています。操縦者はゴーグルをかけ、機首のカメラの映像を見ながら、最後の瞬間まで狙いを直す。ロシア軍の損害の多くが、これによるものです。人は死にません。失うのは機械だけです。
数も桁違いです。ウクライナは2024年に220万機、2025年に400万機以上を作りました。ロシアも同じ規模です。AIを積んだ機体も現れています。
政府も手を打っています。陸自は約1,200機の偵察用無人機を持ち、2026年には攻撃用の機種を初めて選びました。無人機を専門に扱う部署も新設しています。
しかし、世界の動きは速い。この技術をどう取り入れるか。待ったなしの課題です。",3級-軍事と戦略,1,,,
ARM21,自衛隊の武器・兵器,海自装備,イージス艦——海の盾,"護衛艦は、海上自衛隊の主力艦をまとめた呼称。そのなかで最も強い防空力を持つのが、イージス艦です。
イージスとは、ギリシャ神話の女神の盾の名。艦の名ではなく、レーダーと戦闘システムの名です。ふつうのレーダーは回転しますが、イージスのレーダーは動きません。四方に固定したレーダーパネルでまわりを同時に見張る。数百の目標を追い、コンピューターが優先順位を決め、同時に多くへ対処します。
現在の主役はまや型。基準排水量8,200トン、ミサイル搭載艦では海自最大です。甲板下の発射機（VLS）は96セル。迎撃、対空、対潜、対艦の弾を混ぜて積む。盾であり、矛でもあります。まや型は共同交戦能力を海自で初めて備えました。味方の艦や早期警戒機がとらえた目標を共有し、自艦のレーダーに映らない敵にも撃てる。防空の網が、点から面へ広がりました。
海自のイージス艦は8隻。そしていま、さらに大きな艦を2隻建造中です。地上配備を断念したイージス・システムを載せ、弾道ミサイル防衛に専念する予定の艦。基準排水量12,000トン、就役すれば世界最大級のイージス艦になります。",3級-軍事と戦略,1,,,
ARM22,自衛隊の武器・兵器,海自装備,いずも型護衛艦——空母化への道,"護衛艦「いずも」。基準排水量19,500トン、全長248メートル。海上自衛隊で最も大きい艦です。もともとは、ヘリコプターを運ぶ艦として造られました。対潜ヘリを何機も積み、海中の潜水艦を探す。それが本来の仕事です。
いま、この艦を改修しています。F-35B戦闘機を載せるためです。甲板を耐熱化し、艦首を四角く延ばす。斜めだった艦首を四角くするのは、滑走路の幅を確保するためです。同型艦の「かが」も、同じ工事を受けています。
F-35Bは、短い滑走で飛び立ち、垂直に降ります。長い滑走路が要りません。だから、島の飛行場からも、道路からも、この甲板からも飛べます。積めるのは十数機ほどです。
防衛省は、この艦を「空母」とは呼びません。「ヘリコプター搭載護衛艦」のままです。しかし戦闘機を載せて運用する艦を、日本が持つのは戦後初めてのことです。
本格運用は2028年ごろと見られています。実質的な空母を持つことは、自衛隊の歴史に新しいページを開くことになるでしょう。",3級-軍事と戦略,1,,,
ARM23,自衛隊の武器・兵器,海自装備,潜水艦——海中の忍者,"たいげい型潜水艦。全長84メートル、基準排水量およそ3,000トン。海上自衛隊で最も大きい潜水艦です。ディーゼルで発電し、電気をリチウムイオン電池にためて動きます。この電池は、以前の鉛電池の2倍の容量。通常動力の潜水艦としては、世界の先端をいく一隻です。
レーダーの届かない海の中で、潜水艦はソナーで音の探り合いをします。
日本は、潜水艦を順次増やして以前の16隻から、2022年に22隻へ増やしました。しかし今、中国は原子力潜水艦12隻を含めて約66隻を持ち、80隻を目指してなお増やし続けています。中国の原潜は、日本の近海にも現れています。
原潜と、通常動力の潜水艦とでは、力に大きな差があります。
原潜は浮上して充電する必要がなく、何ヶ月も潜り続けられる。いまは通常動力よりはるかに静かで、速力も、積める武器の量も、格段の差があります。通常動力艦では、まともに原潜に対抗できません。
日本は原潜を持ちませんが、2025年、その導入の検討が始まりました。まだ、決まってはいません。",3級-軍事と戦略,1,,,
ARM24,自衛隊の武器・兵器,海自装備,哨戒機——空から海を守る,"P-1は、海上自衛隊の対潜哨戒機です。海の中の潜水艦を探す飛行機。国産で、四発のジェットエンジンを持ちます。
空から、どうやって海中の潜水艦を探すのか。手は三つです。レーダーは、海面に突き出た潜望鏡やシュノーケル（空気取入管）を捉えます。磁気探知は、潜水艦の鉄が地球の磁場を乱す、そのわずかな乱れを感じ取ります。ソノブイは、海に投げ込む浮き型の小さなソナーで、音を拾って電波で送ってきます。一つが聴ける範囲は狭く、だから何十個も撒き、円を重ねて位置を絞る。海中の敵を探すのは、それほど難しいのです。
そしてP-1は、探すだけではありません。魚雷や対艦ミサイルを積み、有事には自ら攻撃できます。探す飛行機であり、叩く飛行機でもあります。
P-1は365日、休みなく飛んでいます。数機が交代し、24時間、日本周辺の海を見張る。航続距離は8,000キロ。いまの最前線は沖縄です。中国海軍の艦が太平洋へ出るとき通る宮古海峡を、P-1が見張っています。2025年には、中国軍の戦闘機が、監視する自衛隊機にレーダーを向けました。",3級-軍事と戦略,1,,,
ARM41,自衛隊の武器・兵器,空自装備,ステルス戦闘機——F-35の実力,"F-35は、現在自衛隊が配備を始めている多用途戦闘機です。レーダーに探知されにくいステルス性が特徴です。
2026年現在、F-35Aは三沢基地と小松基地に、F-35Bは新田原基地に合わせて約50機が配備されています。将来はA型105機、B型42機の計147機を導入する計画です。
現在の防空の中心であるF-15、対艦攻撃にも強みを持つF-2と並び、F-35は新しい柱として配備が進められています。
F-35は、敵に発見されにくい状態で前方へ進み、レーダーや赤外線センサーで敵機、艦艇、地上目標を探します。空対空ミサイルのほか、F-35AはJSMを使い、遠方の艦艇や地上目標を攻撃することもできます。
F-35Bは短い距離で離陸し、垂直に着陸できます。「いずも」型護衛艦での運用も準備中です。
F-35の強みは、敵のレーダーや地対空ミサイルがある空域でも、発見される危険を抑えながら前へ出れる点です。そこで目標を探し、集めた情報を味方と共有し、自ら攻撃することもできます。見つかりにくさ、情報収集、精密な打撃を一つにつないだ戦闘機なのです。",3級-軍事と戦略,1,,,
ARM42,自衛隊の武器・兵器,空自装備,主力戦闘機——F-15とF-2,"F-35の配備が始まった現在も、日本の空を支える中心はF-15とF-2です。
F-15は、敵の戦闘機を迎え撃つことを得意とする大型戦闘機です。1981年に配備が始まり、40年以上にわたって日本の防空とスクランブルの中心を担ってきました。
航空自衛隊には、約200機のF-15が配備されてきました。そのうち100機以上は、近代化改修に適さない旧型機です。これらは順次退役し、F-35へ置き換えられています。
一方、改修可能なF-15は今後も使われます。レーダーや電子戦能力を高め、搭載できるミサイルを増やします。遠方の目標を攻撃するスタンド・オフ・ミサイルも搭載する計画です。
F-2は、アメリカのF-16を基礎に、日米で共同開発した多用途戦闘機です。航空自衛隊は約90機を保有しています。特に空対艦ミサイルによる艦艇への攻撃に強みがあります。
F-2は2035年ごろから退役し、現在開発中の次期戦闘機へ交代する予定です。航空自衛隊は今、F-15、F-2、F-35を組み合わせながら、次の戦闘機体制へ移りつつあります。",3級-軍事と戦略,1,,,
ARM43,自衛隊の武器・兵器,空自装備,早期警戒機——空の目,"敵を早く見つける「空の目」が早期警戒機です。
地球は丸く、レーダーの電波は基本的にまっすぐ進みます。そのため地上のレーダーでは、遠くを低く飛ぶ航空機や巡航ミサイルが、地平線の向こうに隠れてしまいます。
早期警戒機は高い空へ上がり、数百キロ先まで広い範囲を監視します。見つけた目標の位置や進行方向を、地上の指令所や味方の戦闘機へ伝えます。迎撃に向かう戦闘機を誘導することも重要な仕事です。
航空自衛隊は、E-2C、E-2DとE-767を運用しています。E-2Cは13機が導入され、現在は、より高性能なE-2Dへの更新が進められています。
大型旅客機をもとにしたE-767は、日本だけが運用する早期警戒管制機です。4機が浜松基地に配備されています。約20人の乗員が機内で情報を処理し、戦闘機を管制します。
早く発見できれば、戦闘機は迎撃の準備を整え、有利な位置へ向かうことができます。早期警戒機は武器を持ちませんが、味方の戦闘機が力を発揮するために欠かせない航空機なのです。",3級-軍事と戦略,1,,,
ARM44,自衛隊の武器・兵器,空自装備,C-2輸送機——空の兵站を担う国産輸送機,"C-2は、航空自衛隊が運用する国産の大型輸送機です。先代のC-1に代わり、2017年から部隊配備が始まりました。
C-1は、国産初の戦術輸送機として半世紀近く活躍しました。人員や物資の輸送、空挺隊員の降下、災害時の救援輸送などを担いました。
その経験を受け継ぎ、輸送力を大きく高めたのがC-2です。最大で約30トンの貨物を搭載できます。20トンを積んだ状態でも、約7,600キロ飛行できます。
これはC-1と比べて、搭載量は約3倍、航続距離は約4倍です。最高速度も時速約900キロで、ジェット旅客機に近い速さで飛べます。
広い貨物室を持ち、機体後部の大きな扉から車両や大型装備を直接積み込めます。人員、車両、物資を国内だけでなく、遠く離れた海外へ運ぶこともできます。
C-2は、C-1が積み重ねた実績を引き継ぎ、より大きな荷物を、より速く、より遠くへ運ぶ輸送機です。",3級-軍事と戦略,1,,,
ARM61,自衛隊の武器・兵器,ミサイル,25式地対艦誘導弾——島を守る壁,"25式地対艦誘導弾は、陸上から遠方の艦艇を攻撃する国産の長射程ミサイルです。
相手の対空ミサイルなどが届きにくい場所から攻撃する、スタンド・オフ・ミサイルです。
開発中は「12式地対艦誘導弾能力向上型」と呼ばれていました。2026年3月に現在の名称が決まり、熊本市の健軍駐屯地にある第5地対艦ミサイル連隊へ初めて配備されました。
発射装置は、大型の8輪車両に載せられています。1両に6本（推）の発射筒を備え、道路を使って必要な地域へ移動します。駐屯地から固定して撃つのではなく、各地へ分散して展開できることが強みです。
正確な射程、速度、弾頭重量は公表されていません。射程は約1000キロとも報じられていますが、防衛省の公式な数値ではありません。配備される発射車やミサイルの総数も非公表です。
主な目標は、海上を移動する艦艇や上陸部隊です。遠方の艦艇を狙うには、衛星、無人機、航空機などで目標を探し、その位置を伝える仕組みも欠かせません。
移動する発射車と長い射程を生かし、敵の艦隊を早い段階で攻撃する。25式は、海から日本へ近づくことを難しくする、新しい地対艦ミサイルなのです。",3級-軍事と戦略,1,,,
ARM62,自衛隊の武器・兵器,ミサイル,トマホーク——助っ人の古兵どの,"トマホークは、米国で開発された長距離巡航ミサイルです。
最初の型は1984年に配備されました。1991年の湾岸戦争で初めて実戦に使われ、これまでに2300発以上が実戦で発射されています。
日本が導入するのは、通信や航法能力を改良したブロックⅣとブロックⅤです。
全長は約6.2メートル、発射時の重さは約1.5トンです。約450キロの弾頭を積み、約1600キロ先まで飛びます。
速度は亜音速です。低い高度を飛び、複雑な経路を通って、指揮所、レーダー、ミサイル関連施設などの地上目標を攻撃します。飛行中に目標を変更することもできます。
日本は最大400発を取得します。トマホークは地上発射型もありますが、、日本は海自のイージス艦に搭載する計画です。甲板下の垂直発射装置、VLSから発射します。
2026年3月には、こんごう型のイージス艦「ちょうかい」が海上自衛隊で初めて発射能力を獲得しました。ミサイルの納入も始まっています。
国産の長射程ミサイルが十分にそろうまで、その不足を補うのがトマホークの役割です。長い実戦経験と改良を重ねてきた、まさに「助っ人のこへえどの」なのです。",3級-軍事と戦略,1,,,
ARM63,自衛隊の武器・兵器,ミサイル,空対空ミサイル——戦闘機の牙,"敵の航空機を撃ち落とす、戦闘機の主な武器が空対空ミサイルです。
航空自衛隊のF-15やF-2は、距離に応じて二種類の国産ミサイルを使い分けます。
AAM-4Bは、操縦者が敵機を肉眼で確認できない距離から発射する中距離ミサイルです。戦闘機や早期警戒機から目標情報を受けながら飛び、最後は自らのレーダーで敵機を追います。
この目視外戦闘では、相手より先に見つけ、先に発射することが重要です。ステルス性や味方との情報共有が、大きな意味を持つのもそのためです。
AAM-5Bは、接近した敵機の赤外線、つまり熱を捉えて追う短距離ミサイルです。急旋回する敵にも食らいつき、激しい空中戦で力を発揮します。
遠くではレーダー、近くでは赤外線。戦闘機は距離に応じて、二つの「牙」を使い分けるのです。
なお、この二つはF-35には積めません。ステルス機は、レーダーに映らないよう兵器を機内に収めるため、大きなミサイルが入らないのです。F-35はアメリカ製のミサイルを使います。",3級-軍事と戦略,1,,,
ARM64,自衛隊の武器・兵器,ミサイル,弾道ミサイル防衛——多層の盾,"弾道ミサイルは、ロケットで宇宙空間まで駆け上がり、大気圏へ再突入して、マッハ十を超える速さで目標へ突っ込む兵器です。核搭載なら一発で都市を焼く。発射から着弾まで、わずか10分ほどしかありません。
迎え撃つ手は、二段構えです。上の層はイージス艦のミサイル（SM-3）。大気圏の外で、宇宙空間を飛ぶ弾に体当たりする。すり抜けたら下の層、地上のミサイル（PAC-3）が、落下の直前に狙う。この10分の間に衛星が発射を捉え、レーダーが軌道を計算し、迎撃弾を撃ち上げる。すべてが間に合って、ようやく一度の迎撃です。
弾道ミサイルは弧を描くので、まだ軌道が読めます。だが、脅威はそれだけではありません。低空を這うように飛ぶ巡航ミサイル。放物線を描かず、変則的に滑空する極超音速兵器。そして迎撃弾の数を上回る飽和攻撃。読めない、隠れる、数で溢れさせる。迎え撃つ難しさは高くなる一方です。
日本は迎撃の層を増やし、同時に、撃たれる前に相手を叩く反撃の力も持つことにしました。守り切れないなら、撃たせない。守りと抑止の、両方で構えるしかありません。
「想定外」ではすまされない。重い課題です。",3級-軍事と戦略,1,,,
SUMC01,シュメール・都市国家誕生,,→なぜ雨の降らない土地で文明が？,（準備中）このカードは現在作成中です。,3級-国家と法律,,,,
SUMF02,シュメール・都市国家誕生,,支配者は神官から王へ,（準備中）このカードは現在作成中です。,3級-国家と法律,,,,
SUMC02,シュメール・都市国家誕生,,→なぜ人は集まったか——余剰と分業,（準備中）このカードは現在作成中です。,3級-国家と法律,,,,
SUMF03,シュメール・都市国家誕生,,粘土板に刻まれた「契約」,（準備中）このカードは現在作成中です。,3級-国家と法律,,,,
SUMC03,シュメール・都市国家誕生,,→文字はなぜ生まれたか——帳簿が先だった,（準備中）このカードは現在作成中です。,3級-国家と法律,,,,
SUMF04,シュメール・都市国家誕生,,王が定めた「法」,（準備中）このカードは現在作成中です。,3級-国家と法律,,,,
SUMC04,シュメール・都市国家誕生,,→王はなぜ偉くなれたか——神官から軍事リーダーへ,（準備中）このカードは現在作成中です。,3級-国家と法律,,,,
SUMF05,シュメール・都市国家誕生,,メソポタミアは、ここから始まった,（準備中）このカードは現在作成中です。,3級-国家と法律,,,,
SUMC05,シュメール・都市国家誕生,,→そもそも国家とは何か——赤の他人が群れる仕組み,（準備中）このカードは現在作成中です。,3級-国家と法律,,,,
SUMC06,シュメール・都市国家誕生,,→この仕組みがボード各地で何度も生まれた,（準備中）このカードは現在作成中です。,3級-国家と法律,,,,
HNRF01,漢とローマ——東西の二大帝国,,漢とローマ——二つの大帝国,（準備中）このカードは現在作成中です。,3級-国家と法律,,,,
HNRC01,漢とローマ——東西の二大帝国,,→帝国とは人材登用システムである,（準備中）このカードは現在作成中です。,3級-国家と法律,,,,
HNRF02,漢とローマ——東西の二大帝国,,ローマ——法と道の帝国,（準備中）このカードは現在作成中です。,3級-国家と法律,,,,
HNRC02,漢とローマ——東西の二大帝国,,→なぜ遊牧民は強かったか——騎馬という最強技術,（準備中）このカードは現在作成中です。,3級-国家と法律,,,,
HNRF03,漢とローマ——東西の二大帝国,,漢——文字と役人の帝国,（準備中）このカードは現在作成中です。,3級-国家と法律,,,,
HNRC03,漢とローマ——東西の二大帝国,,→面を治めるとは——戸籍・国勢調査の誕生,（準備中）このカードは現在作成中です。,3級-国家と法律,,,,
HNRF04,漢とローマ——東西の二大帝国,,遊牧民——もう一つの主役,（準備中）このカードは現在作成中です。,3級-国家と法律,,,,
HNRC04,漢とローマ——東西の二大帝国,,→シルクロード——東西をつなぐ線と中間の主役,（準備中）このカードは現在作成中です。,3級-国家と法律,,,,
HNRF05,漢とローマ——東西の二大帝国,,日本建国——やまとの国,（準備中）このカードは現在作成中です。,3級-国家と法律,,,,
HNRC05,漢とローマ——東西の二大帝国,,→【日本】やまとの国はいつ始まったか,（準備中）このカードは現在作成中です。,3級-国家と法律,,,,
HNRC06,漢とローマ——東西の二大帝国,,→【日本】記紀と物証の符合,（準備中）このカードは現在作成中です。,3級-国家と法律,,,,
HNRC07,漢とローマ——東西の二大帝国,,→帝国が広がり、縮んでいく理由,（準備中）このカードは現在作成中です。,3級-国家と法律,,,,
ISLF01,イスラム大帝国の興隆と唐,,イスラム帝国——神の法が束ねる,（準備中）このカードは現在作成中です。,3級-国家と法律,,,,
ISLC01,イスラム大帝国の興隆と唐,,→束ね方の比較——神の法・律令・取り入れ・教会,（準備中）このカードは現在作成中です。,3級-国家と法律,,,,
ISLF02,イスラム大帝国の興隆と唐,,唐——律令が束ねる帝国,（準備中）このカードは現在作成中です。,3級-国家と法律,,,,
ISLC02,イスラム大帝国の興隆と唐,,→「中くらいの層」の4地域比較,（準備中）このカードは現在作成中です。,3級-国家と法律,,,,
ISLF03,イスラム大帝国の興隆と唐,,日本——律令を取り入れる,（準備中）このカードは現在作成中です。,3級-国家と法律,,,,
ISLC03,イスラム大帝国の興隆と唐,,→【日本】律令を取り入れたが肝はすぐ棚上げ,（準備中）このカードは現在作成中です。,3級-国家と法律,,,,
ISLF04,イスラム大帝国の興隆と唐,,ヨーロッパ——まだ「村」の時代,（準備中）このカードは現在作成中です。,3級-国家と法律,,,,
ISLC04,イスラム大帝国の興隆と唐,,→タラス河畔の戦い——東西文明圏の境界と紙の西伝,（準備中）このカードは現在作成中です。,3級-国家と法律,,,,
ISLC05,イスラム大帝国の興隆と唐,,→食と人口が国家の規模を決める,（準備中）このカードは現在作成中です。,3級-国家と法律,,,,
MNGF01,モンゴル台風の極大,,モンゴル——史上最大の帝国,（準備中）このカードは現在作成中です。,3級-国家と法律,,,,
MNGC01,モンゴル台風の極大,,→モンゴルはなぜ強かったか——組織化と技術吸収,（準備中）このカードは現在作成中です。,3級-国家と法律,,,,
MNGF02,モンゴル台風の極大,,モンゴル——巨大帝国の統治術,（準備中）このカードは現在作成中です。,3級-国家と法律,,,,
MNGC02,モンゴル台風の極大,,→ロシアの変質——タタールのくびきと専制の起源,（準備中）このカードは現在作成中です。,3級-国家と法律,,,,
MNGF03,モンゴル台風の極大,,ヨーロッパ——距離が阻んだ侵攻,（準備中）このカードは現在作成中です。,3級-国家と法律,,,,
MNGC03,モンゴル台風の極大,,→生態史観の極限——D・遊牧民がA・B・Cを飲み込んだ,（準備中）このカードは現在作成中です。,3級-国家と法律,,,,
MNGF04,モンゴル台風の極大,,元寇——日本に及んだ台風の実態,（準備中）このカードは現在作成中です。,3級-国家と法律,,,,
MNGC04,モンゴル台風の極大,,→【日本/元寇】神風通説の解体,（準備中）このカードは現在作成中です。,3級-国家と法律,,,,
GNPF01,火器が覇者を変えた,,火器——騎馬の時代の終わり,（準備中）このカードは現在作成中です。,3級-国家と法律,,,,
GNPC01,火器が覇者を変えた,,→火器の改良史——点火機構の進歩が集団戦を変えた,（準備中）このカードは現在作成中です。,3級-国家と法律,,,,
GNPF02,火器が覇者を変えた,,清とオスマン——火器が生んだ巨大帝国,（準備中）このカードは現在作成中です。,3級-国家と法律,,,,
GNPC02,火器が覇者を変えた,,→なぜ火器が遊牧民を終わらせたか,（準備中）このカードは現在作成中です。,3級-国家と法律,,,,
GNPF03,火器が覇者を変えた,,ヨーロッパ——戦争が磨いた技術,（準備中）このカードは現在作成中です。,3級-国家と法律,,,,
GNPC03,火器が覇者を変えた,,→大砲の経済学——中央集権の誕生,（準備中）このカードは現在作成中です。,3級-国家と法律,,,,
GNPF04,火器が覇者を変えた,,鉄砲伝来——戦国を終わらせた新兵器,（準備中）このカードは現在作成中です。,3級-国家と法律,,,,
GNPC04,火器が覇者を変えた,,→火薬帝国の「最後の輝き」と大分岐の伏線,（準備中）このカードは現在作成中です。,3級-国家と法律,,,,
GNPC05,火器が覇者を変えた,,→【日本】鉄砲伝来と天下統一,（準備中）このカードは現在作成中です。,3級-国家と法律,,,,
VOYF01,大航海時代——海からの挑戦者,,航海術——大洋を越えた技術,（準備中）このカードは現在作成中です。,3級-国家と法律,,,,
VOYC01,大航海時代——海からの挑戦者,,→航海術の進歩史——羅針盤・帆船・計器の組み合わせ,（準備中）このカードは現在作成中です。,3級-国家と法律,,,,
VOYF02,大航海時代——海からの挑戦者,,ポルトガルとスペイン——世界を二分した先発者,（準備中）このカードは現在作成中です。,3級-国家と法律,,,,
VOYC02,大航海時代——海からの挑戦者,,→後発逆転のwhy——会社・資本の仕組みが決めた,（準備中）このカードは現在作成中です。,3級-国家と法律,,,,
VOYF03,大航海時代——海からの挑戦者,,オランダとイギリス——海洋を制した「会社」,（準備中）このカードは現在作成中です。,3級-国家と法律,,,,
VOYC03,大航海時代——海からの挑戦者,,→私的暴力の国家によるorganize——海賊から海軍へ,（準備中）このカードは現在作成中です。,3級-国家と法律,,,,
VOYF04,大航海時代——海からの挑戦者,,日本にもあった大航海時代,（準備中）このカードは現在作成中です。,3級-国家と法律,,,,
VOYC04,大航海時代——海からの挑戦者,,→海をめぐる法の誕生——グロティウスと国際公法,（準備中）このカードは現在作成中です。,3級-国家と法律,,,,
VOYC05,大航海時代——海からの挑戦者,,→世界の一体化とその影——コロンブス交換と奴隷貿易,（準備中）このカードは現在作成中です。,3級-国家と法律,,,,
VOYC06,大航海時代——海からの挑戦者,,→【日本】住吉船——取り入れる国の象徴,（準備中）このカードは現在作成中です。,3級-国家と法律,,,,
INDF01,産業革命と主権国家の誕生,,ウェストファリア条約——主権国家体制への第一歩,（準備中）このカードは現在作成中です。,3級-国家と法律,,,,
INDC01,産業革命と主権国家の誕生,,→三十年戦争とは何だったか,（準備中）このカードは現在作成中です。,3級-国家と法律,,,,
INDF02,産業革命と主権国家の誕生,,フランス革命とナポレオン——国民国家の成立,（準備中）このカードは現在作成中です。,3級-国家と法律,,,,
INDC02,産業革命と主権国家の誕生,,→ウェストファリアで何が変わったか,（準備中）このカードは現在作成中です。,3級-国家と法律,,,,
INDF03,産業革命と主権国家の誕生,,植民地——「牧場経営」の進展,（準備中）このカードは現在作成中です。,3級-国家と法律,,,,
INDC03,産業革命と主権国家の誕生,,→国民国家とは何か——内に人権、外に侵略,（準備中）このカードは現在作成中です。,3級-国家と法律,,,,
INDF04,産業革命と主権国家の誕生,,蒸気船と鉄道——世界を縮めた輸送革命,（準備中）このカードは現在作成中です。,3級-国家と法律,,,,
INDC04,産業革命と主権国家の誕生,,→主権が国民へ移る三つの道——英・米・仏,（準備中）このカードは現在作成中です。,3級-国家と法律,,,,
INDF05,産業革命と主権国家の誕生,,明治維新と大日本帝国憲法の成立,（準備中）このカードは現在作成中です。,3級-国家と法律,,,,
INDC05,産業革命と主権国家の誕生,,→近代法の誕生——ナポレオン法典と法の前の平等,（準備中）このカードは現在作成中です。,3級-国家と法律,,,,
INDC06,産業革命と主権国家の誕生,,→なぜCが逆転したか——大分岐の回収,（準備中）このカードは現在作成中です。,3級-国家と法律,,,,
INDC07,産業革命と主権国家の誕生,,→【日本】明治維新——主権国家・国民国家への作り直し,（準備中）このカードは現在作成中です。,3級-国家と法律,,,,
IMPF01,帝国主義の時代,,大英帝国——その絶頂と陰り,（準備中）このカードは現在作成中です。,3級-国家と法律,,,,
IMPC01,帝国主義の時代,,→大英帝国の繁栄の正体と影,（準備中）このカードは現在作成中です。,3級-国家と法律,,,,
IMPF02,帝国主義の時代,,グレートゲーム——英露、中央アジアの角逐,（準備中）このカードは現在作成中です。,3級-国家と法律,,,,
IMPC02,帝国主義の時代,,→大英帝国のピークアウト,（準備中）このカードは現在作成中です。,3級-国家と法律,,,,
IMPF03,帝国主義の時代,,ドイツとアメリカ——後発の挑戦者,（準備中）このカードは現在作成中です。,3級-国家と法律,,,,
IMPC03,帝国主義の時代,,→アフリカ分割——白人クラブの破廉恥パーティ,（準備中）このカードは現在作成中です。,3級-国家と法律,,,,
IMPF04,帝国主義の時代,,世界史の中の日露戦争と条約改正,（準備中）このカードは現在作成中です。,3級-国家と法律,,,,
IMPC04,帝国主義の時代,,→国際法の文明国基準——力こそ正義,（準備中）このカードは現在作成中です。,3級-国家と法律,,,,
IMPF05,帝国主義の時代,,第一次世界大戦——帝国主義の爆発,（準備中）このカードは現在作成中です。,3級-国家と法律,,,,
IMPC05,帝国主義の時代,,→アメリカの19世紀——静かな台頭,（準備中）このカードは現在作成中です。,3級-国家と法律,,,,
IMPC06,帝国主義の時代,,→【日本】日本だけが工業化できたのはなぜか,（準備中）このカードは現在作成中です。,3級-国家と法律,,,,
IMPC07,帝国主義の時代,,→第一次大戦と古い帝国の消滅,（準備中）このカードは現在作成中です。,3級-国家と法律,,,,
WWRF01,世界大戦と主権国家体制の完成,,戦間期——持てる国と持たざる国,（準備中）このカードは現在作成中です。,3級-国家と法律,,,,
WWRC01,世界大戦と主権国家体制の完成,,→戦間期——法による秩序の最初の失敗作,（準備中）このカードは現在作成中です。,3級-国家と法律,,,,
WWRF02,世界大戦と主権国家体制の完成,,第二次世界大戦——史上最大の戦争,（準備中）このカードは現在作成中です。,3級-国家と法律,,,,
WWRC02,世界大戦と主権国家体制の完成,,→不戦条約——最初の戦争違法化とその限界,（準備中）このカードは現在作成中です。,3級-国家と法律,,,,
WWRF03,世界大戦と主権国家体制の完成,,日本の敗戦——三度目の大変革,（準備中）このカードは現在作成中です。,3級-国家と法律,,,,
WWRC03,世界大戦と主権国家体制の完成,,→戦後体制は設計された——誰が、いつ、どこで,（準備中）このカードは現在作成中です。,3級-国家と法律,,,,
WWRF04,世界大戦と主権国家体制の完成,,戦後体制と国際連合の構築,（準備中）このカードは現在作成中です。,3級-国家と法律,,,,
WWRC04,世界大戦と主権国家体制の完成,,→植民地独立の世界史的意義,（準備中）このカードは現在作成中です。,3級-国家と法律,,,,
WWRF05,世界大戦と主権国家体制の完成,,植民地独立——主権国家体制の完成,（準備中）このカードは現在作成中です。,3級-国家と法律,,,,
WWRC05,世界大戦と主権国家体制の完成,,→【日本①】三度の作り直し——奈良朝・明治・敗戦後,（準備中）このカードは現在作成中です。,3級-国家と法律,,,,
WWRC06,世界大戦と主権国家体制の完成,,→【日本②】取り入れたら変えられない——ボトムアップの癖,（準備中）このカードは現在作成中です。,3級-国家と法律,,,,
WWRC07,世界大戦と主権国家体制の完成,,→完成はゴールか、新たな問いの始まりか,（準備中）このカードは現在作成中です。,3級-国家と法律,,,,
SEK01,関ヶ原の戦い,,概容——天下分け目の10時間,（準備中）このカードは現在作成中です。,3級-戦争の歴史,,,,
SEK02,関ヶ原の戦い,,起——秀吉の死と天下の空白,（準備中）このカードは現在作成中です。,3級-戦争の歴史,,,,
SEK03,関ヶ原の戦い,,承——西軍と東軍、二つの天下,（準備中）このカードは現在作成中です。,3級-戦争の歴史,,,,
SEK04,関ヶ原の戦い,,転——小早川秀秋の裏切り,（準備中）このカードは現在作成中です。,3級-戦争の歴史,,,,
SEK05,関ヶ原の戦い,,結——6時間で決まった天下,（準備中）このカードは現在作成中です。,3級-戦争の歴史,,,,
SEK06,関ヶ原の戦い,,まとめ——決断と裏切りが変えた歴史,（準備中）このカードは現在作成中です。,3級-戦争の歴史,,,,
KNK01,川中島の戦い,,概容——信玄と謙信、5度の激突,（準備中）このカードは現在作成中です。,3級-戦争の歴史,,,,
KNK02,川中島の戦い,,起——甲斐の虎と越後の龍,（準備中）このカードは現在作成中です。,3級-戦争の歴史,,,,
KNK03,川中島の戦い,,承——第四次川中島——最大の激突,（準備中）このカードは現在作成中です。,3級-戦争の歴史,,,,
KNK04,川中島の戦い,,転——「きつつき戦法」と謙信の奇襲,（準備中）このカードは現在作成中です。,3級-戦争の歴史,,,,
KNK05,川中島の戦い,,結——引き分けが続いた理由,（準備中）このカードは現在作成中です。,3級-戦争の歴史,,,,
KNK06,川中島の戦い,,まとめ——なぜ決着がつかなかったのか,（準備中）このカードは現在作成中です。,3級-戦争の歴史,,,,
SAT01,薩英戦争,,概容——近代艦隊と攘夷志士の激突,（準備中）このカードは現在作成中です。,3級-戦争の歴史,,,,
SAT02,薩英戦争,,起——生麦事件と開戦の経緯,（準備中）このカードは現在作成中です。,3級-戦争の歴史,,,,
SAT03,薩英戦争,,承——英国艦隊、鹿児島に現れる,（準備中）このカードは現在作成中です。,3級-戦争の歴史,,,,
SAT04,薩英戦争,,転——薩摩の反撃と英艦の損害,（準備中）このカードは現在作成中です。,3級-戦争の歴史,,,,
SAT05,薩英戦争,,結——薩摩が学んだこと,（準備中）このカードは現在作成中です。,3級-戦争の歴史,,,,
SAT06,薩英戦争,,まとめ——攘夷から倒幕・維新へ,（準備中）このカードは現在作成中です。,3級-戦争の歴史,,,,
NKK01,日本海海戦,,概容——世界史上最大の艦隊決戦,（準備中）このカードは現在作成中です。,3級-戦争の歴史,,,,
NKK02,日本海海戦,,起——バルチック艦隊の7ヶ月の航海,（準備中）このカードは現在作成中です。,3級-戦争の歴史,,,,
NKK03,日本海海戦,,承——東郷ターンと「T字戦法」,（準備中）このカードは現在作成中です。,3級-戦争の歴史,,,,
NKK04,日本海海戦,,転——バルチック艦隊、壊滅へ,（準備中）このカードは現在作成中です。,3級-戦争の歴史,,,,
NKK05,日本海海戦,,結——日露講和とポーツマス条約,（準備中）このカードは現在作成中です。,3級-戦争の歴史,,,,
NKK06,日本海海戦,,まとめ——日本海海戦が証明したこと,（準備中）このカードは現在作成中です。,3級-戦争の歴史,,,,
SGP01,シンガポール攻略,,概容——難攻不落の要塞が3日で陥落,（準備中）このカードは現在作成中です。,3級-戦争の歴史,,,,
SGP02,シンガポール攻略,,起——マレー半島上陸,（準備中）このカードは現在作成中です。,3級-戦争の歴史,,,,
SGP03,シンガポール攻略,,承——自転車部隊の電撃戦,（準備中）このカードは現在作成中です。,3級-戦争の歴史,,,,
SGP04,シンガポール攻略,,転——要塞の弱点——砲台は海を向いていた,（準備中）このカードは現在作成中です。,3級-戦争の歴史,,,,
SGP05,シンガポール攻略,,結——開戦70日で陥落,（準備中）このカードは現在作成中です。,3級-戦争の歴史,,,,
SGP06,シンガポール攻略,,まとめ——勝利が生んだ過信,（準備中）このカードは現在作成中です。,3級-戦争の歴史,,,,
MID01,ミッドウェー海戦,,概容——太平洋の転換点,（準備中）このカードは現在作成中です。,3級-戦争の歴史,,,,
MID02,ミッドウェー海戦,,起——日本軍の目的と「AF」暗号解読,（準備中）このカードは現在作成中です。,3級-戦争の歴史,,,,
MID03,ミッドウェー海戦,,承——第一波攻撃と「運命の5分間」,（準備中）このカードは現在作成中です。,3級-戦争の歴史,,,,
MID04,ミッドウェー海戦,,転——空母4隻、一日で喪失,（準備中）このカードは現在作成中です。,3級-戦争の歴史,,,,
MID05,ミッドウェー海戦,,結——失われた熟練パイロット,（準備中）このカードは現在作成中です。,3級-戦争の歴史,,,,
MID06,ミッドウェー海戦,,まとめ——なぜ日本は負けたのか,（準備中）このカードは現在作成中です。,3級-戦争の歴史,,,,
CNN01,カンナエの戦い,,概容——完全包囲殲滅の古典,（準備中）このカードは現在作成中です。,3級-戦争の歴史,,,,
CNN02,カンナエの戦い,,起——ハンニバルとローマの対立,（準備中）このカードは現在作成中です。,3級-戦争の歴史,,,,
CNN03,カンナエの戦い,,承——数で劣るカルタゴの布陣,（準備中）このカードは現在作成中です。,3級-戦争の歴史,,,,
CNN04,カンナエの戦い,,転——中央を退かせ、両翼で包む,（準備中）このカードは現在作成中です。,3級-戦争の歴史,,,,
CNN05,カンナエの戦い,,結——7万ローマ兵が半日で壊滅,（準備中）このカードは現在作成中です。,3級-戦争の歴史,,,,
CNN06,カンナエの戦い,,まとめ——カンナエが軍事思想に与えた影響,（準備中）このカードは現在作成中です。,3級-戦争の歴史,,,,
CTN01,コンスタンティノープル陥落,,概容——1000年の帝国、大砲で崩れる,（準備中）このカードは現在作成中です。,3級-戦争の歴史,,,,
CTN02,コンスタンティノープル陥落,,起——ビザンツ帝国の黄昏,（準備中）このカードは現在作成中です。,3級-戦争の歴史,,,,
CTN03,コンスタンティノープル陥落,,承——ウルバン砲——時代を変えた兵器,（準備中）このカードは現在作成中です。,3級-戦争の歴史,,,,
CTN04,コンスタンティノープル陥落,,転——陸と海からの総攻撃,（準備中）このカードは現在作成中です。,3級-戦争の歴史,,,,
CTN05,コンスタンティノープル陥落,,結——1453年5月29日の陥落,（準備中）このカードは現在作成中です。,3級-戦争の歴史,,,,
CTN06,コンスタンティノープル陥落,,まとめ——中世の終わりと近世の始まり,（準備中）このカードは現在作成中です。,3級-戦争の歴史,,,,
ARMD01,アルマダの海戦,,概容——無敵艦隊の敗北,（準備中）このカードは現在作成中です。,3級-戦争の歴史,,,,
ARMD02,アルマダの海戦,,起——スペインvsイングランドの覇権争い,（準備中）このカードは現在作成中です。,3級-戦争の歴史,,,,
ARMD03,アルマダの海戦,,承——130隻の無敵艦隊、海峡へ,（準備中）このカードは現在作成中です。,3級-戦争の歴史,,,,
ARMD04,アルマダの海戦,,転——「火船」作戦と嵐,（準備中）このカードは現在作成中です。,3級-戦争の歴史,,,,
ARMD05,アルマダの海戦,,結——スペインの覇権、陰り始める,（準備中）このカードは現在作成中です。,3級-戦争の歴史,,,,
ARMD06,アルマダの海戦,,まとめ——海洋覇権の移り変わり,（準備中）このカードは現在作成中です。,3級-戦争の歴史,,,,
WTR01,ワーテルローの戦い,,概容——ナポレオン最後の戦い,（準備中）このカードは現在作成中です。,3級-戦争の歴史,,,,
WTR02,ワーテルローの戦い,,起——百日天下とヨーロッパの反応,（準備中）このカードは現在作成中です。,3級-戦争の歴史,,,,
WTR03,ワーテルローの戦い,,承——6月18日、ウーグモンの戦い,（準備中）このカードは現在作成中です。,3級-戦争の歴史,,,,
WTR04,ワーテルローの戦い,,転——プロイセン軍の到着,（準備中）このカードは現在作成中です。,3級-戦争の歴史,,,,
WTR05,ワーテルローの戦い,,結——近衛兵の崩壊,（準備中）このカードは現在作成中です。,3級-戦争の歴史,,,,
WTR06,ワーテルローの戦い,,まとめ——なぜナポレオンは負けたのか,（準備中）このカードは現在作成中です。,3級-戦争の歴史,,,,
NRM01,ノルマンディ上陸作戦,,概容——史上最大の上陸作戦,（準備中）このカードは現在作成中です。,3級-戦争の歴史,,,,
NRM02,ノルマンディ上陸作戦,,起——欺瞞作戦フォーティテュード——「いつ、どこへ」,（準備中）このカードは現在作成中です。,3級-戦争の歴史,,,,
NRM03,ノルマンディ上陸作戦,,承——D-Day——夜明け前の空挺と艦砲射撃,（準備中）このカードは現在作成中です。,3級-戦争の歴史,,,,
NRM04,ノルマンディ上陸作戦,,転——オマハの浜——もっとも激しい抵抗,（準備中）このカードは現在作成中です。,3級-戦争の歴史,,,,
NRM05,ノルマンディ上陸作戦,,結——橋頭堡の確保とパリ解放へ,（準備中）このカードは現在作成中です。,3級-戦争の歴史,,,,
NRM06,ノルマンディ上陸作戦,,まとめ——兵站・欺瞞・制空権の三位一体,（準備中）このカードは現在作成中です。,3級-戦争の歴史,,,,
STG01,スターリングラード攻防戦,,概容——史上最大の市街戦,（準備中）このカードは現在作成中です。,3級-戦争の歴史,,,,
STG02,スターリングラード攻防戦,,起——ヒトラーの夏季攻勢とヴォルガへの執着,（準備中）このカードは現在作成中です。,3級-戦争の歴史,,,,
STG03,スターリングラード攻防戦,,承——「ラット戦争」——一棟一室の争奪,（準備中）このカードは現在作成中です。,3級-戦争の歴史,,,,
STG04,スターリングラード攻防戦,,転——ウラヌス作戦——冬将軍と包囲,（準備中）このカードは現在作成中です。,3級-戦争の歴史,,,,
STG05,スターリングラード攻防戦,,結——第6軍25万人が降伏,（準備中）このカードは現在作成中です。,3級-戦争の歴史,,,,
STG06,スターリングラード攻防戦,,まとめ——東部戦線の転換点,（準備中）このカードは現在作成中です。,3級-戦争の歴史,,,,
BOB01,バトル・オブ・ブリテン,,概容——初めて空だけで決まった戦い,（準備中）このカードは現在作成中です。,3級-戦争の歴史,,,,
BOB02,バトル・オブ・ブリテン,,起——ダンケルクの後、英国は孤立した,（準備中）このカードは現在作成中です。,3級-戦争の歴史,,,,
BOB03,バトル・オブ・ブリテン,,承——ルフトワッフェと王立空軍の攻防,（準備中）このカードは現在作成中です。,3級-戦争の歴史,,,,
BOB04,バトル・オブ・ブリテン,,転——ロンドン爆撃への転換——ドイツが失ったチャンス,（準備中）このカードは現在作成中です。,3級-戦争の歴史,,,,
BOB05,バトル・オブ・ブリテン,,結——シーライオン作戦の中止,（準備中）このカードは現在作成中です。,3級-戦争の歴史,,,,
BOB06,バトル・オブ・ブリテン,,まとめ——レーダーと少数精鋭が変えた勝敗,（準備中）このカードは現在作成中です。,3級-戦争の歴史,,,,
GUL01,湾岸戦争,,概容——現代戦の姿を変えた100時間,（準備中）このカードは現在作成中です。,3級-戦争の歴史,,,,
GUL02,湾岸戦争,,起——クウェート侵攻と国連決議,（準備中）このカードは現在作成中です。,3級-戦争の歴史,,,,
GUL03,湾岸戦争,,承——砂漠の盾から砂漠の嵐へ——38日間の空爆,（準備中）このカードは現在作成中です。,3級-戦争の歴史,,,,
GUL04,湾岸戦争,,転——地上戦100時間——左フック作戦,（準備中）このカードは現在作成中です。,3級-戦争の歴史,,,,
GUL05,湾岸戦争,,結——完勝の後に残ったもの,（準備中）このカードは現在作成中です。,3級-戦争の歴史,,,,
GUL06,湾岸戦争,,まとめ——精密誘導兵器と非接触型戦争の時代へ,（準備中）このカードは現在作成中です。,3級-戦争の歴史,,,,
GUIDE01,ようこそ、MSアカデミーへ,,歓迎の言葉,"ようこそ、MSアカデミーへ。主任教官のタケルです。
このアカデミーは、軍事や戦略、国家や歴史といった、世界を読み解くための知識を学ぶ場所です。難しそうに聞こえるかもしれませんが、心配はいりません。基本の一歩から、順を追って、わかりやすくお話しいたします。
ニュースで見る出来事の背景が、少しずつ分かって来る。世界の見え方が変わってくる。そんなものを見る目を、ここで一緒に磨いていきましょう。
どうぞ、気楽に、けれどしっかりと学んでいってください。
さあ、始めましょう。",案内,1,,,
GUIDE02,ようこそ、MSアカデミーへ,,アカデミーの構成,"はじめまして。アシスタントのサクラです。みなさんの学びの道のりに、寄り添ってお手伝いします。
MSアカデミーには、三つの講座があります。「軍事と戦略」「国家と法律」「戦争の歴史」です。
おのおの、講座の進行に合わせて、三つの段階を用意しています。まずは3級の「戦士の視点」から。そこで基礎を固めたら2級の「指揮官の視点」、さらに1級の「将軍の視点」へ。だんだんと、高いところから世界が見えるようになります。
どこから始めればいいか迷ったときや、わからないことが出てきたときは、いつでも私に聞いてくださいね。一緒に歩みを進めていきましょう。",案内,1,,,
GUIDE03,このアカデミーで学べること,,三つの講座で学ぶ,"MSアカデミーの中心は、三つの講座です。「軍事と戦略」「国家と法律」「戦争の歴史」。軍事が関わるひとつの世界を、違う角度から見ていきます。
軍事と戦略では、軍の実像と戦略、世界の情勢と政治の関係までを学びます。3級は既に開講しています。
国家と法律では、世界と日本の歴史で国家と法律がどう生まれ、どんな秩序と争いで成り立ってきたかを追っていく予定です。
戦争の歴史では、実際の戦いを通じて、これまでの世界の歩みを見ていきます。
どの講座から始めても構いません。まずは気になるものから、1枚のカードをめくってみてください。",案内,1,,,
GUIDE04,このアカデミーで学べること,,自由研究の紹介,"もっと深く知りたくなったら、「自由研究」をのぞいてみてください。
ここには、特定のテーマを掘り下げた集中講義や、過去のFACTを知るためのデータや資料を集めていく予定です。
決まった順番はありません。興味の赴くまま、自分のペースで知見を広げる場所です。

夏休みの自由研究のように、好きなことを、好きなだけ。MSアカデミーの、もうひとつの学び方です。",案内,1,,,
GUIDE05,このアカデミーで学べること,,ニュースとリンク集,"世界は、今この瞬間も動いています。MSアカデミーでは、時事の解説や、臨時の講義を「ニュース・お知らせ」でお届けします。
そして、もっと自分の目で確かめたい人のために、「リンク集」も用意しています。防衛省などの公式機関や、一次資料への入り口です。カードで学んだことを、自分の目で確かめる。それも、大切な歩みですね。",案内,1,,,
GUIDE06,このアカデミーで学べること,,検定に挑戦,"学んだ力を、試してみたくなったら。
MSアカデミーには、各級に検定試験があります。
3級は「戦士の視点」、2級は「指揮官の視点」、1級は「将軍の視点」。それぞれの段階で、身についた力を確かめられます。
検定を目標に据えると、学習にも張り合いが生まれますね。
合格者には軍事戦略検定の、各級の合格認定書が付与されます。
出題範囲は各講座ですから、各級の3つの講座がそろい次第、検定試験を開始していきます。

まずは3級、戦士の視点から、挑戦してみませんか。",案内,1,,,
GUIDE07,さあ、始めましょう,,受講の始め方,"受講を始めるには、トップメニューの「受講」を選んでください。
級と講座を選ぶと、ユニットの一覧が出ます。ユニットとは、その講座の中のテーマに関するカードを集めた集合です。あとは表示されるカードを選んで、1枚ずつ受講していくだけ。
順番は自由です。最初から順を追ってもいいですし、目次を眺めて気になるものから受けていっても構いません。興味のある入り口から入るほうが、頭に残ることもあります。

まずは1枚、めくってみてください。",案内,1,,,
GUIDE08,さあ、始めましょう,,音声で聴く,"カードは、音声でも聴くことができます。タケル教官か、私サクラが講義をいたします。
画面の「音声」を押せば、そのカードを読み上げます。長押しすると、次のカードへ自動で進む連続再生になります。通勤の途中や、家事をしながらでも、耳だけで学べます。
一度で全部わからなくても、心配はいりません。少し考えてから、もう一度聴いてみると、前は素通りしていたところが、納得できることもあります。
くり返すことは、遠回りではありませんよ。",案内,1,,,
GUIDE09,MSアカデミーについて,,現在のMSアカデミー,"いま開講しているのは、3級「戦士の視点」の「軍事と戦略」です。
基地の見学ツアーから始まり、陸・海・空それぞれの部隊の姿、組織と指揮のしくみ、日本と世界の情勢、そして装備まで。10のユニット、126枚のカードを用意しています。自衛隊をモデルとしていますが、軍隊とは何をするどんな組織なのか、そして世界と日本の情勢はどうなのか、その基礎が見えてくるはずです。
そして今、「国家と法律」と「戦争の歴史」の準備が進んでいます。三つの講座がそろえば、検定試験も開始です。その先には2級「指揮官の視点」、さらに1級「将軍の視点」が控えています。
自由研究も、ニュースも、リンク集も、これから厚くなっていきます。

戦略家のリデルハートは「平和を望むなら、戦争を理解せよ」と言いました。MSアカデミーは、これからも「軍事と戦略」の学びの場を広げていきます。",案内,1,,,
GUIDE10,MSアカデミーについて,,運営と目指すもの,"MSアカデミーは、一般社団法人MSフォーラムが運営しています。
MSフォーラムは、「日本人の、軍事と戦略に関するリテラシーの向上」を目標に掲げる団体です。上位の講座として、半年間のウェブ講座「軍事戦略検定入門コース」も開講しています。

詳しくは[MSフォーラム公式サイト](https://ms-forum.com/)をご覧ください。

その中でMSアカデミーは、青少年をはじめ、軍事と戦略を基礎から学びたい方に向けた、ジュニアコースという位置づけです。
講座では、特定の主義主張を訴えることはいたしません。事実、すなわちFACTによって語る。この姿勢を貫いていきます。",案内,1,,,
MSENSHI01,戦略視点で見た大東亜・太平洋戦争,なぜ始まり、どう敗れたか,成功と失敗の法則,"このテーマでは牧村健志の『あの戦争 成功と失敗の法則』をベースに、日本が経験した最大の戦争である「大東亜・太平洋戦争」を「戦略」という視点から紐解きます。

当時の日本は、あの戦争に1000万人を動員し、250万人の軍人、さらに民間人を合わせると310万人以上が犠牲となる、日本として未曾有の戦争を戦いました。
なぜあの戦争を始め、どうして敗れたのか。その根本的な理由は「戦略思考の欠如」にありました。
戦略とは、戦いにおける目標とそれを実現する手段の組み合わせです。ここでは、単なる歴史の振り返りではなく、国家戦略や軍事戦略の観点からあの戦争の全体像をレビューし、現代の私たちにも通じる成功と失敗の法則、そして日本人がこれから身につけるべき「戦略思考」について解説します。",自由研究,,牧村健志,歴史;国家戦略,
MSENSHI02,戦略視点で見た大東亜・太平洋戦争,なぜ始まり、どう敗れたか,開戦の背景と真珠湾攻撃,"日本が戦争に踏み切った直接の原因は「石油」です。
あの頃、日本は石油輸入の8割をアメリカに頼っていました。そのアメリカが開戦の4カ月前、日本への石油の全面禁輸措置を取りました。これに対し日本は必死に外交交渉を続けましたが、最終的に「ハル・ノート」という事実上の最後通牒を突きつけられます。
これを受け、日本は1941年12月8日に真珠湾を奇襲し、大東亜・太平洋戦争が幕を開けました。この攻撃作戦は、戦術的には大成功でしたが、国家戦略的には大きな間違いとなります。
「他国の戦争には関わりたくない」という不介入主義が大多数だったアメリカ国民の世論を「リメンバー・パールハーバー」の合言葉で団結させ、敵に回してしまいました。圧倒的な国力を持つアメリカを本気にさせてしまったのです。
攻撃直後、ルーズベルト大統領はチャーチル首相に「いまや我々は同じ船に乗った」と告げました。これを聞いたチャーチルは、アメリカの参戦によって「すでに戦争に勝った」と確信し、その夜は感激と興奮に満たされ、感謝しながら眠りについた、と回顧録に書いています。",自由研究,,牧村健志,歴史;国家戦略,
MSENSHI03,戦略視点で見た大東亜・太平洋戦争,なぜ始まり、どう敗れたか,初期の快進撃と「ミッドウェー海戦」,"開戦直後、日本軍はマレー沖海戦でイギリス東洋艦隊を撃滅するなど、連戦連勝を続け、東南アジアの資源地帯を、わずか半年で制圧しました。
しかし、1942年6月のミッドウェー海戦が転換点となります。この戦いで、日本は主力空母4隻を失う大敗北を喫しました。敗因は不運ではなく、情報戦と索敵の失敗という「作戦計画の失敗」にありました。
アメリカは暗号解読でミッドウェー攻略を事前に察し、徹底的な索敵を行って日本の動きを把握、準備を整えて待ち構えていました。それに対して、日本は連勝による慢心から、戦艦大和などの主力を戦闘海域の後方まで派遣しながら、決戦に投入しませんでした。そして敵艦隊の索敵を軽視し、さらにミッドウェー島攻略と敵艦隊撃滅という二兎を追いました。
この海戦で動員された戦力は、日本が圧倒的に優勢でした。ところが、正攻法で戦えば勝てたはずの戦力を持ちながら、自らその好機を逃してしまったのです。",自由研究,,牧村健志,歴史;国家戦略,
MSENSHI04,戦略視点で見た大東亜・太平洋戦争,なぜ始まり、どう敗れたか,日米の圧倒的な国力差と「勝利計画」,"戦争を継続する上で、日米の国力差は絶望的でした。
1941年当時、アメリカの経済規模は日本の約12倍、兵器生産に不可欠な鉄鋼生産量も12倍以上でした。アメリカは、日本の石油消費量の20倍を消費していましたが、さらにその倍を自国で生産していました。
そしてアメリカは開戦前に「勝利計画」という戦略プランを策定し、明確な国家目標に基づいた大量生産体制を、ひそかに準備していました。
一方、日本は限られた資源を活用しようと努力はしました。ゼロ戦のような優秀な兵器もありましたが、陸軍と海軍が別々に開発製造を続ける不合理などは解消されませんでした。さらに資源供給を海外に頼っていることで、戦争後半には輸送も極めて困難になりました。
アメリカが標準化された兵器を、圧倒的な量で前線に供給し続けたのに対し、はるかに基礎体力が劣っていた日本の工業力との格差が、そのまま長期戦での致命的な差となりました。
真珠湾攻撃によって、自動車のビッグスリーなどは、自動車生産をストップし、飛行機や戦車の生産に全力投球しました。
もともと圧倒的な工業力を持っていたアメリカの国家資源を、すべてあの戦争に投入できるようにしてしまったことが、日本の敗北の最大の原因です。",自由研究,,牧村健志,歴史;国家戦略,
MSENSHI05,戦略視点で見た大東亜・太平洋戦争,なぜ始まり、どう敗れたか,昭和天皇が指摘された「敗戦の4つの要因」,"あの戦争で、どうして日本は負けたのでしょうか？

昭和天皇は、戦後すぐに記録された『昭和天皇独白録』で4つの要因をあげておられます。

第一に、「孫子の兵法」などの戦略研究が不十分だったこと。
第二に、余りに精神に重きを置き過ぎて、科学の力を軽視したこと。
第三に、陸軍と海軍の不一致。
第四に、大局的な視点を持つ、常識ある大物指導者に欠けていたこと。

これらは単なる過去の問題ではありません。
目標と手段を明確にする「戦略思考」を持たず、組織の連携を欠いたという点で、現代の日本の組織運営にも共通する、極めて本質的な教訓と言えます。",自由研究,,牧村健志,歴史;国家戦略,
MSENSHI06,戦略視点で見た大東亜・太平洋戦争,もう一つの戦い方【IF】,【IF 1】外交と情報戦で勝つ道,"ここで歴史のIF（もしも）として、事態を打開できる戦略がなかったか、を検討します。

開戦直前、アメリカの世論は実は戦争不介入が圧倒的多数でした。
第1次世界大戦でヨーロッパの戦争に介入し、多くの犠牲を払った経験があるからです。
つまり、アメリカ世論は潜在的な日本の味方だったのです。
もし日本がハル・ノートを突きつけられた際、ただ絶望して開戦するのではなく、これを「大統領の独断による最後通牒」として、アメリカ議会や世論に向けて大々的に暴露していればどうなったでしょうか。
実際、アメリカの憲法は「戦争開始を決めるのは議会」としています。そして、アメリカ国内には大統領の戦争誘導を警戒する勢力が多数いました。
ハルノートの内容のマスコミへのリークや、当時、アメリカで力があった、不介入派の「アメリカ第一主義委員会」との連携などを行えばどうなったか？
日本の窮状を訴え、ルーズベルトの戦争挑発を非難することで、相手の内部を分断するしたたかな情報戦と、外交戦略を展開していれば、ルーズベルト政権を追い詰め、開戦を回避できた可能性があったのではないでしょうか。",自由研究,,牧村健志,歴史;国家戦略,
MSENSHI07,戦略視点で見た大東亜・太平洋戦争,もう一つの戦い方【IF】,【IF 2】ハワイ攻略でアメリカに勝つ,"真珠湾攻撃を行ってしまった後、日本は占領地を拡大しました。
しかし、そこに戦争に勝つための道筋が見えていませんでした。
ではどう戦うべきだったのでしょうか。

真珠湾攻撃の後、当時世界最強の南雲機動部隊は、東南アジアの掃討に向かいます。しかし、そこにはどうやって日本はアメリカに勝つのかと言う国家戦略・軍事戦略がありませんでした。真珠湾をやった以上、あの戦争に勝つには、相手の態勢が整わないうちに、アメリカを倒す目的に一直線に進むしかありませんでした。
真珠湾攻撃後、強力な南雲機動部隊と主力戦艦を総動員し、ミッドウェーではなくハワイのオアフ島占領を目指す「ハワイ攻略」に一直線に向かっていれば、太平洋の米軍の拠点を完全に奪うことができた可能性がありました。
さらに、占領後にアメリカ世論に揺さぶりをかけることで、早期の講和に持ち込むという外交戦略も考えられたはずです。ハワイの近くのジョンストン島に飛び石作戦でゼロ戦を集結させ、艦隊の総力で臨めば、見方は分かれると思いますが、勝機は十分にありました。
しかし結局、大目標を達成する道は選ばず、占領地を抑えたままで、相手の態勢が整うことを待つ格好に、日本はなってしまったのです。",自由研究,,牧村健志,歴史;国家戦略,
MSENSHI08,戦略視点で見た大東亜・太平洋戦争,もう一つの戦い方【IF】,【IF 3】本来の国家戦略でイギリスを打倒,"もう一つのIFは、「アメリカとは戦わず、イギリスを倒す」という戦略です。
実は開戦直前、日本は「対英米蘭蒋戦争終結のための腹案」という国策、すなわち国家戦略を策定し、まずはイギリスを屈服させる方針を立てていました。
もしアメリカを刺激せず、インド洋の制海権を確保してイギリスを孤立させ、チャンドラ・ボースらと協力して、インド独立を支援していれば、大英帝国を崩壊させ、有利な形で戦争を進められた可能性が高かったでしょう。
仮にアメリカが参戦してきたとしても、国内に他国の戦争に介入することに反対の勢力が、多数派である状況を考えれば、アメリカの参戦は、極めて小規模の限定的なものにならざるを得なかったでしょう。
しかし、真珠湾攻撃によってこの方針は初動から破棄されます。
そしてまったく理解しがたいのは、この開戦直前に策定された「国策」と、真珠湾攻撃が、まったく整合性を欠いていることです。
国家目標をブレさせないことが、国家戦略の基本です。",自由研究,,牧村健志,歴史;国家戦略,
MSENSHI09,戦略視点で見た大東亜・太平洋戦争,何を学ぶか,敗北への道と無謀な戦線拡大,"現実の歴史では、日本は「勝ちに至る戦略」を見いだせず、太平洋の広大な地域に、無計画に戦線を拡大しました。
しかし、そこで待っていても、動き出したアメリカの工業力は、日に日に軍備を充実させ、整った軍備による、本格的な反転攻勢に至るのは自然の流れです。
ミッドウェー敗戦の後、日本軍は米豪を分断するという、意味不明な目的で、ガダルカナル島に進出するも、補給が続かず、凄惨な消耗戦となりました。その後も戦略なき作戦が繰り返されます。一方、アメリカの着々と準備され、充実してきた装備と兵力が、時間とともに圧力を増してきます。
ほぼ「勝利計画」の内容通りです。
開戦から2年が過ぎた1944年以降は、サイパンをはじめとする、絶対国防圏が次々と崩壊しました。
フィリピンでは、50万人の兵士が戦死しています。信じられないことに、そのうち30万人近くが、補給が途絶えたための餓死なのです。そして最後は本土空襲と沖縄戦、広島・長崎の被爆を経て敗戦を迎えます。
明確な戦略なき開戦と拡大が、結果的に防衛体制と兵站の崩壊を招き、軍民合わせて310万人以上の犠牲を生む、大惨事となってしまったのです。",自由研究,,牧村健志,歴史;国家戦略,
MSENSHI10,戦略視点で見た大東亜・太平洋戦争,何を学ぶか,私たちが学ぶべき「戦略思考」,"あの戦争で、日本は多大な犠牲を払いましたが、結果的にアジアやアフリカの植民地独立を促し、白人優位の世界史を、大きく変える契機ともなりました。
しかし、私たちがこの重い歴史から、真剣に学ぶべき、重要な教訓のひとつは、明確で適切な目標を設定し、それを実現するための手段を逆算し、独創する「戦略思考」の重要性です。
そしてそれは国家に限りません。
戦後日本は、現場の改善というボトムアップで、経済成長を遂げました。これは日本人の得意とする所です。しかし、激動の現代世界を生き抜くには、これに加えて、大局的な視点を持つ、トップダウン型の戦略思考が不可欠です。
過去の失敗を教訓に、これからの日本を創る力を養っていきましょう。",自由研究,,牧村健志,歴史;国家戦略,